list,manufacturer,model,voltage_option,hybrid,ul1741_sb,ul1741_sa,max_continuous_output_kw,nominal_vac
solar,ABB,PVI-3.0-OUTD-S-US-A,208V,N,N,Y,3,208
solar,ABB,PVI-3.0-OUTD-S-US-A,240V,N,N,Y,3,240
solar,ABB,PVI-3.0-OUTD-S-US-A,277V,N,N,Y,3,277
solar,ABB,PVI-3.0-OUTD-S-US-Z-A,208V,N,N,Y,3,208
solar,ABB,PVI-3.0-OUTD-S-US-Z-A,240V,N,N,Y,3,240
solar,ABB,PVI-3.0-OUTD-S-US-Z-A,277V,N,N,Y,3,277
solar,ABB,PVI-3.0-OUTD-S-US-Z-M-A,208V,N,N,Y,3,208
solar,ABB,PVI-3.0-OUTD-S-US-Z-M-A,240V,N,N,Y,3,240
solar,ABB,PVI-3.0-OUTD-S-US-Z-M-A,277V,N,N,Y,3,277
solar,ABB,UNO-DM-3.3-TL-PLUS-US-SB-RA,208V,N,N,Y,3,208
solar,ABB,UNO-DM-3.3-TL-PLUS-US-SB-RA-Q,208V,N,N,Y,3,208
solar,ABB,UNO-DM-3.3-TL-PLUS-US-SE-RA,208V,N,N,Y,3,208
solar,ABB,UNO-DM-3.3-TL-PLUS-US-SZM-RA,208V,N,N,Y,3,208
solar,ABB,UNO-DM-3.3-TL-PLUS-US-SZ-RA,208V,N,N,Y,3,208
solar,ABB,UNO-DM-3.3-TL-PLUS-US-SB-RA,240V,N,N,Y,3.3,240
solar,ABB,UNO-DM-3.3-TL-PLUS-US-SB-RA-Q,240V,N,N,Y,3.3,240
solar,ABB,UNO-DM-3.3-TL-PLUS-US-SE-RA,240V,N,N,Y,3.3,240
solar,ABB,UNO-DM-3.3-TL-PLUS-US-SZM-RA,240V,N,N,Y,3.3,240
solar,ABB,UNO-DM-3.3-TL-PLUS-US-SZ-RA,240V,N,N,Y,3.3,240
solar,ABB,UNO-DM-3.8-TL-PLUS-US-SB-RA,208V,N,N,Y,3.3,208
solar,ABB,UNO-DM-3.8-TL-PLUS-US-SB-RA-Q,208V,N,N,Y,3.3,208
solar,ABB,UNO-DM-3.8-TL-PLUS-US-SE-RA,208V,N,N,Y,3.3,208
solar,ABB,UNO-DM-3.8-TL-PLUS-US-SZM-RA,208V,N,N,Y,3.3,208
solar,ABB,UNO-DM-3.8-TL-PLUS-US-SZ-RA,208V,N,N,Y,3.3,208
solar,ABB,PVI-3.6-OUTD-S-US-A,208V,N,N,Y,3.6,208
solar,ABB,PVI-3.6-OUTD-S-US-A,240V,N,N,Y,3.6,240
solar,ABB,PVI-3.6-OUTD-S-US-A,277V,N,N,Y,3.6,277
solar,ABB,PVI-3.6-OUTD-S-US-Z-A,208V,N,N,Y,3.6,208
solar,ABB,PVI-3.6-OUTD-S-US-Z-A,240V,N,N,Y,3.6,240
solar,ABB,PVI-3.6-OUTD-S-US-Z-A,277V,N,N,Y,3.6,277
solar,ABB,PVI-3.6-OUTD-S-US-Z-M-A,208V,N,N,Y,3.6,208
solar,ABB,PVI-3.6-OUTD-S-US-Z-M-A,240V,N,N,Y,3.6,240
solar,ABB,PVI-3.6-OUTD-S-US-Z-M-A,277V,N,N,Y,3.6,277
solar,ABB,PVI-3.8-OUTD-S-US-A,208V,N,N,Y,3.8,208
solar,ABB,PVI-3.8-OUTD-S-US-A,240V,N,N,Y,3.8,240
solar,ABB,PVI-3.8-OUTD-S-US-A,277V,N,N,Y,3.8,277
solar,ABB,PVI-3.8-OUTD-S-US-Z-A,208V,N,N,Y,3.8,208
solar,ABB,PVI-3.8-OUTD-S-US-Z-A,240V,N,N,Y,3.8,240
solar,ABB,PVI-3.8-OUTD-S-US-Z-A,277V,N,N,Y,3.8,277
solar,ABB,PVI-3.8-OUTD-S-US-Z-M-A,208V,N,N,Y,3.8,208
solar,ABB,PVI-3.8-OUTD-S-US-Z-M-A,240V,N,N,Y,3.8,240
solar,ABB,PVI-3.8-OUTD-S-US-Z-M-A,277V,N,N,Y,3.8,277
solar,ABB,UNO-DM-3.8-TL-PLUS-US-SB-RA,240V,N,N,Y,3.8,240
solar,ABB,UNO-DM-3.8-TL-PLUS-US-SB-RA-Q,240V,N,N,Y,3.8,240
solar,ABB,UNO-DM-3.8-TL-PLUS-US-SE-RA,240V,N,N,Y,3.8,240
solar,ABB,UNO-DM-3.8-TL-PLUS-US-SZM-RA,240V,N,N,Y,3.8,240
solar,ABB,UNO-DM-3.8-TL-PLUS-US-SZ-RA,240V,N,N,Y,3.8,240
solar,ABB,PVI-4.2-OUTD-S-US-A,208V,N,N,Y,4.2,208
solar,ABB,PVI-4.2-OUTD-S-US-A,240V,N,N,Y,4.2,240
solar,ABB,PVI-4.2-OUTD-S-US-A,277V,N,N,Y,4.2,277
solar,ABB,PVI-4.2-OUTD-S-US-Z-A,208V,N,N,Y,4.2,208
solar,ABB,PVI-4.2-OUTD-S-US-Z-A,240V,N,N,Y,4.2,240
solar,ABB,PVI-4.2-OUTD-S-US-Z-A,277V,N,N,Y,4.2,277
solar,ABB,PVI-4.2-OUTD-S-US-Z-M-A,208V,N,N,Y,4.2,208
solar,ABB,PVI-4.2-OUTD-S-US-Z-M-A,240V,N,N,Y,4.2,240
solar,ABB,PVI-4.2-OUTD-S-US-Z-M-A,277V,N,N,Y,4.2,277
solar,ABB,UNO-DM-4.6-TL-PLUS-US-SB-RA,208V,N,N,Y,4.2,208
solar,ABB,UNO-DM-4.6-TL-PLUS-US-SB-RA-Q,208V,N,N,Y,4.2,208
solar,ABB,UNO-DM-4.6-TL-PLUS-US-SE-RA,208V,N,N,Y,4.2,208
solar,ABB,UNO-DM-4.6-TL-PLUS-US-SZM-RA,208V,N,N,Y,4.2,208
solar,ABB,UNO-DM-4.6-TL-PLUS-US-SZ-RA,208V,N,N,Y,4.2,208
solar,ABB,UNO-DM-4.6-TL-PLUS-US-SB-RA,240V,N,N,Y,4.6,240
solar,ABB,UNO-DM-4.6-TL-PLUS-US-SB-RA-Q,240V,N,N,Y,4.6,240
solar,ABB,UNO-DM-4.6-TL-PLUS-US-SE-RA,240V,N,N,Y,4.6,240
solar,ABB,UNO-DM-4.6-TL-PLUS-US-SZM-RA,240V,N,N,Y,4.6,240
solar,ABB,UNO-DM-4.6-TL-PLUS-US-SZ-RA,240V,N,N,Y,4.6,240
solar,ABB,UNO-DM-5.0-TL-PLUS-US-SB-RA,208V,N,N,Y,4.6,208
solar,ABB,UNO-DM-5.0-TL-PLUS-US-SB-RA-QU,208V,N,N,Y,4.6,208
solar,ABB,UNO-DM-5.0-TL-PLUS-US-SE-RA,208V,N,N,Y,4.6,208
solar,ABB,UNO-DM-5.0-TL-PLUS-US-SZM-RA,208V,N,N,Y,4.6,208
solar,ABB,UNO-DM-5.0-TL-PLUS-US-SZ-RA,208V,N,N,Y,4.6,208
solar,ABB,UNO-DM-5.0-TL-PLUS-US-SZ-RA-U,208V,N,N,Y,4.6,208
solar,ABB,PVI-5000-OUTD-US-A,208V,N,N,Y,5,208
solar,ABB,PVI-5000-OUTD-US-A,240V,N,N,Y,5,240
solar,ABB,PVI-5000-OUTD-US-A,277V,N,N,Y,5,277
solar,ABB,PVI-5000-OUTD-US-Z-A,208V,N,N,Y,5,208
solar,ABB,PVI-5000-OUTD-US-Z-A,240V,N,N,Y,5,240
solar,ABB,PVI-5000-OUTD-US-Z-A,277V,N,N,Y,5,277
solar,ABB,PVI-5000-OUTD-US-Z-M-A,208V,N,N,Y,5,208
solar,ABB,PVI-5000-OUTD-US-Z-M-A,240V,N,N,Y,5,240
solar,ABB,PVI-5000-OUTD-US-Z-M-A,277V,N,N,Y,5,277
solar,ABB,UNO-DM-5.0-TL-PLUS-US-SB-RA,240V,N,N,Y,5,240
solar,ABB,UNO-DM-5.0-TL-PLUS-US-SB-RA-QU,240V,N,N,Y,5,240
solar,ABB,UNO-DM-5.0-TL-PLUS-US-SE-RA,240V,N,N,Y,5,240
solar,ABB,UNO-DM-5.0-TL-PLUS-US-SZM-RA,240V,N,N,Y,5,240
solar,ABB,UNO-DM-5.0-TL-PLUS-US-SZ-RA,240V,N,N,Y,5,240
solar,ABB,UNO-DM-5.0-TL-PLUS-US-SZ-RA-U,240V,N,N,Y,5,240
solar,ABB,PVI-6000-OUTD-US-A,208V,N,N,Y,6,208
solar,ABB,PVI-6000-OUTD-US-A,240V,N,N,Y,6,240
solar,ABB,PVI-6000-OUTD-US-A,277V,N,N,Y,6,277
solar,ABB,PVI-6000-OUTD-US-Z-A,208V,N,N,Y,6,208
solar,ABB,PVI-6000-OUTD-US-Z-A,240V,N,N,Y,6,240
solar,ABB,PVI-6000-OUTD-US-Z-A,277V,N,N,Y,6,277
solar,ABB,PVI-6000-OUTD-US-Z-M-A,208V,N,N,Y,6,208
solar,ABB,PVI-6000-OUTD-US-Z-M-A,240V,N,N,Y,6,240
solar,ABB,PVI-6000-OUTD-US-Z-M-A,277V,N,N,Y,6,277
solar,ABB,UNO-DM-6.0-TL-PLUS-US-SB-RA,208V,N,N,Y,6,208
solar,ABB,UNO-DM-6.0-TL-PLUS-US-SB-RA,240V,N,N,Y,6,240
solar,ABB,UNO-DM-6.0-TL-PLUS-US-SB-RA-QU,208V,N,N,Y,6,208
solar,ABB,UNO-DM-6.0-TL-PLUS-US-SB-RA-QU,240V,N,N,Y,6,240
solar,ABB,UNO-DM-6.0-TL-PLUS-US-SC-RA,208V,N,N,Y,6,208
solar,ABB,UNO-DM-6.0-TL-PLUS-US-SC-RA,240V,N,N,Y,6,240
solar,ABB,UNO-DM-6.0-TL-PLUS-US-SE-RA,208V,N,N,Y,6,208
solar,ABB,UNO-DM-6.0-TL-PLUS-US-SE-RA,240V,N,N,Y,6,240
solar,ABB,UNO-DM-6.0-TL-PLUS-US-S-XRA,208V,N,N,Y,6,208
solar,ABB,UNO-DM-6.0-TL-PLUS-US-S-XRA,240V,N,N,Y,6,240
solar,ABB,UNO-DM-6.0-TL-PLUS-US-SZM-RA,208V,N,N,Y,6,208
solar,ABB,UNO-DM-6.0-TL-PLUS-US-SZM-RA,240V,N,N,Y,6,240
solar,ABB,UNO-7.6-TL-OUTD-S-US-A,208V,N,N,Y,7.6,208
solar,ABB,UNO-7.6-TL-OUTD-S-US-A,240V,N,N,Y,7.6,240
solar,ABB,UNO-7.6-TL-OUTD-S-US-A,277V,N,N,Y,7.6,277
solar,ABB,UNO-7.6-TL-OUTD-S-US-Z-A,208V,N,N,Y,7.6,208
solar,ABB,UNO-7.6-TL-OUTD-S-US-Z-A,240V,N,N,Y,7.6,240
solar,ABB,UNO-7.6-TL-OUTD-S-US-Z-A,277V,N,N,Y,7.6,277
solar,ABB,UNO-7.6-TL-OUTD-S-US-Z-M-A,208V,N,N,Y,7.6,208
solar,ABB,UNO-7.6-TL-OUTD-S-US-Z-M-A,240V,N,N,Y,7.6,240
solar,ABB,UNO-7.6-TL-OUTD-S-US-Z-M-A,277V,N,N,Y,7.6,277
solar,ABB,UNO-8.6-TL-OUTD-S-US-A,240V,N,N,Y,8.6,240
solar,ABB,UNO-8.6-TL-OUTD-S-US-A,277V,N,N,Y,8.6,277
solar,ABB,UNO-8.6-TL-OUTD-S-US-Z-A,240V,N,N,Y,8.6,240
solar,ABB,UNO-8.6-TL-OUTD-S-US-Z-A,277V,N,N,Y,8.6,277
solar,ABB,UNO-8.6-TL-OUTD-S-US-Z-M-A,240V,N,N,Y,8.6,240
solar,ABB,UNO-8.6-TL-OUTD-S-US-Z-M-A,277V,N,N,Y,8.6,277
solar,ABB,TRIO-50.0-TL-OUTD-US-480,480V,N,N,Y,50,480
solar,ABB,TRIO-60.0-TL-OUTD-US-480,480V,N,N,Y,60,480
solar,ABB,TRIO-TM-60.0-US-480,480V,N,N,Y,60,480
solar,ABB,PVS-60-TL-R-US,480V,N,N,Y,60.033,480
solar,ABB,PVS-60-TL-SC-R-US,480V,N,N,Y,60.033,480
solar,ABB,PVS-60-TL-SC-US,480V,N,N,Y,60.033,480
solar,ABB,PVS-60-TL-S-R-US,480V,N,N,Y,60.033,480
solar,ABB,PVS-60-TL-S-US,480V,N,N,Y,60.033,480
solar,ABB,PVS-60-TL-US,480V,N,N,Y,60.033,480
solar,ABB,PVS-166-TL-POWER-MODULE-1-US,800V,N,N,Y,165.954,800
solar,ABB,PVS-166-TL-POWER-MODULE-2-US,800V,N,N,Y,165.954,800
solar,ABB,PVS-175-TL-POWER-MODULE-1-US,800V,N,N,Y,179.574,800
solar,ABB,PVS-175-TL-POWER-MODULE-2-US,800V,N,N,Y,179.574,800
solar,"Afore New Energy Technology (Shanghai) Co., Ltd.",AF4.6K-DH,240V,Y,N,Y,4.6,240
solar,"Afore New Energy Technology (Shanghai) Co., Ltd.",AF5K-DH,240V,Y,N,Y,4.998,240
solar,"Afore New Energy Technology (Shanghai) Co., Ltd.",AF6K-DH,240V,Y,N,Y,5.995,240
solar,"Afore New Energy Technology (Shanghai) Co., Ltd.",AF7K-DH,240V,Y,N,Y,6.996,240
solar,"Afore New Energy Technology (Shanghai) Co., Ltd.",AF7.6K-DH,240V,Y,N,Y,7.599,240
solar,"Afore New Energy Technology (Shanghai) Co., Ltd.",AF8K-DH,240V,Y,N,Y,7.999,240
solar,"Afore New Energy Technology (Shanghai) Co., Ltd.",AF8.6K-DH,240V,Y,N,Y,8.596,240
solar,"Afore New Energy Technology (Shanghai) Co., Ltd.",AF9.6K-DH,240V,Y,N,Y,9.592,240
solar,AIMS Power Inc.,PIHY4600,240V,Y,N,Y,4.60042,240
solar,AIMS Power Inc.,PIHY9600,240V,Y,N,Y,9.592,240
solar,"Alpha ESS Co., Ltd.",SMILE-SP7.6-INV,240V,Y,Y,N,7.644,240
solar,"Alpha ESS Co., Ltd.",SMILE-SP9.6-INV,240V,Y,Y,N,9.628,240
solar,Altenergy Power System Inc.,YC600,240V,N,N,Y,0.55,240
solar,Altenergy Power System Inc.,DS3-S,240V,N,Y,Y,0.656,240
solar,Altenergy Power System Inc.,DS3-L,240V,N,Y,Y,0.78,240
solar,Altenergy Power System Inc.,DS3,240V,N,Y,Y,0.896,240
solar,Altenergy Power System Inc.,DS3-LV,120V,N,Y,N,0.915,120
solar,Altenergy Power System Inc.,EZ1-LV,120V,N,Y,N,0.915,120
solar,Altenergy Power System Inc.,DS3-H,240V,N,Y,Y,1.068,240
solar,Altenergy Power System Inc.,QS1,208V,N,N,Y,1.2183,208
solar,Altenergy Power System Inc.,QS1,240V,N,N,Y,1.225,240
solar,Altenergy Power System Inc.,QS1200,240V,N,N,Y,1.225,240
solar,Altenergy Power System Inc.,QS1A,240V,N,N,Y ,1.516,240
solar,Altenergy Power System Inc.,QT2,208V,N,Y,Y,1.733,208
solar,Altenergy Power System Inc.,QT2-208,208V,N,Y,Y,1.733,208
solar,Altenergy Power System Inc.,QT2,480V,N,Y,Y,1.821,480
solar,Altenergy Power System Inc.,QT2-480,480V,N,Y,Y,1.821,480
solar,Altenergy Power System Inc.,QS2,208V,N,Y,N,1.922636,208
solar,Altenergy Power System Inc.,QS2,240V,N,Y,N,1.923892,240
solar,"Amensolar Ess Co., Ltd",N3H-X5.0-US,240V,Y,Y,N,5.09,240
solar,"Amensolar Ess Co., Ltd",N3H-X5US,240V,Y,Y,N,5.09,240
solar,"Amensolar Ess Co., Ltd",N3H-X6.0-US,240V,Y,Y,N,6.117,240
solar,"Amensolar Ess Co., Ltd",N3H-X7.6-US,240V,Y,Y,N,7.765,240
solar,"Amensolar Ess Co., Ltd",N3H-X8.0-US,240V,Y,Y,N,8.084,240
solar,"Amensolar Ess Co., Ltd",N3H-X8US,240V,Y,Y,N,8.084,240
solar,"Amensolar Ess Co., Ltd",N3H-X10.0-US,240V,Y,Y,N,10.177,240
solar,"Amensolar Ess Co., Ltd",N3H-X10US,240V,Y,Y,N,10.177,240
solar,"Amensolar Ess Co., Ltd",N3H-X12US,240V,Y,Y,N,12.214,240
solar,"Amensolar Ess Co., Ltd",N3H-X16US,240V,Y,Y,N,16.199,240
solar,Anker Innovations Limited,MI80S,240V,N,Y,Y,0.656,240
solar,Anker Innovations Limited,MI80L,240V,N,Y,Y,0.78,240
solar,Anker Innovations Limited,MI80,240V,N,Y,Y,0.896,240
solar,Anker Innovations Limited,MI80H,240V,N,Y,Y,1.068,240
solar,Anker Innovations Limited,A17E1,240V,Y,Y,N,7.687,240
solar,Apparent Inc.,"SG424U CA, 120VAC, 60Hz",120V,N,N,Y,0.25,120
solar,Apparent Inc.,SG424-PLUS-120VAC-60HZ-CA,120V,N,Y,N,0.326,120
solar,Aptos Solar Technology LLC,MAC-400,240V,N,Y,Y,0.38254,240
solar,Aptos Solar Technology LLC,MAC-400R,240V,N,Y,Y,0.38254,240
solar,Aptos Solar Technology LLC,MAC-400,208V,N,Y,N,0.387262,208
solar,Aptos Solar Technology LLC,MAC-400R,208V,N,Y,N,0.387262,208
solar,Aptos Solar Technology LLC,MAC-800,208V,N,Y,N,0.767,208
solar,Aptos Solar Technology LLC,MAC-800,240V,N,Y,Y,0.767,240
solar,Aptos Solar Technology LLC,MAC-800R,208V,N,Y,N,0.767,208
solar,Aptos Solar Technology LLC,MAC-800R,240V,N,Y,Y,0.767,240
solar,"Base Power, Inc",MIN 3000TL-XH-US,240V,Y,Y,N,3.095,240
solar,"Base Power, Inc",MIN 3800TL-XH-US,240V,Y,Y,N,3.888,240
solar,"Base Power, Inc",MIN 5000TL-XH-US,240V,Y,Y,N,4.943,240
solar,"Base Power, Inc",MIN 6000TL-XH-US,240V,Y,Y,N,5.918,240
solar,"Base Power, Inc",MIN 7600TL-XH-US,240V,Y,Y,N,7.524,240
solar,"Base Power, Inc",MIN 8200TL-XH-US,240V,Y,Y,N,8.251,240
solar,"Base Power, Inc",MIN 9000TL-XH-US,240V,Y,Y,N,9.063,240
solar,"Base Power, Inc",MIN 10000TL-XH-US,240V,Y,Y,N,10.082,240
solar,"Base Power, Inc",MIN 11400TL-XH-US,240V,Y,Y,N,11.52,240
solar,Canadian Solar Inc.,CSI-25KTL-GS-FL,480V,N,N,Y,25,480
solar,Canadian Solar Inc.,CSI-30KTL-GS-FL,480V,N,N,Y,30,480
solar,Canadian Solar Inc.,CSI-36KTL-CT,480V,N,N,Y,36,480
solar,Canadian Solar Inc.,CSI-36KTL-GS-FL,480V,N,N,Y,36,480
solar,Canadian Solar Inc.,CSI-40KTL-GS,480V,N,N,Y,40,480
solar,Canadian Solar Inc.,CSI-40KTL-GS-FL,480V,N,N,Y,40,480
solar,Canadian Solar Inc.,CSI-50KTL-CT,480V,N,N,Y,50,480
solar,Canadian Solar Inc.,CSI-50KTL-GS,480V,N,N,Y,50,480
solar,Canadian Solar Inc.,CSI-50KTL-GS-FL,480V,N,N,Y,50,480
solar,Canadian Solar Inc.,CSI-60KTL-CT,480V,N,N,Y,60,480
solar,Canadian Solar Inc.,CSI-60KTL-GS,480V,N,N,Y,60,480
solar,Canadian Solar Inc.,CSI-66KTL-GS,480V,N,N,Y,66,480
solar,CE+T America Inc.,30C,480V,Y,N,Y,29.99,480
solar,CE+T America Inc.,30C3,480V,Y,N,Y,29.99,480
solar,"CESC New Energy Technology Co., Ltd.",Mars 9600 HVSP,240V,Y,N,Y,9.592,240
solar,"Cherry Solution Co., Ltd.",CMI-600S-SA,240V,N,Y,N,0.604,240
solar,"Cherry Solution Co., Ltd.",CMI-600S-WA,240V,N,Y,N,0.604,240
solar,"Cherry Solution Co., Ltd.",CMI-600S-SA,208V,N,Y,N,0.608,208
solar,"Cherry Solution Co., Ltd.",CMI-600S-WA,208V,N,Y,N,0.608,208
solar,"Cherry Solution Co., Ltd.",CMI-800S-SA,208V,N,Y,N,0.8,208
solar,"Cherry Solution Co., Ltd.",CMI-800S-SA,240V,N,Y,N,0.8,240
solar,"Cherry Solution Co., Ltd.",CMI-800S-WA,208V,N,Y,N,0.8,208
solar,"Cherry Solution Co., Ltd.",CMI-800S-WA,240V,N,Y,N,0.8,240
solar,"Cherry Solution Co., Ltd.",CMI-1000S-SA,208V,N,Y,N,0.994,208
solar,"Cherry Solution Co., Ltd.",CMI-1000S-WA,208V,N,Y,N,0.994,208
solar,"Cherry Solution Co., Ltd.",CMI-1000S-SA,240V,N,Y,N,1.062,240
solar,"Cherry Solution Co., Ltd.",CMI-1000S-WA,240V,N,Y,N,1.062,240
solar,"Chilicon Power, LLC",CP-250E-60/72-208/240-MC4,208V,N,N,Y,0.277,208
solar,"Chilicon Power, LLC",CP-250E-60/72-208/240-MC4,240V,N,N,Y,0.289,240
solar,"Chilicon Power, LLC",CP-720-60/72/96-208/240-MC4,240V,N,N,Y,0.721,240
solar,"Chilicon Power, LLC",CP-720-60/72/96-208/240-MC4,208V,N,N,Y,0.725,208
solar,Chint Power Systems America,CPS ECH7.6KTL/US,208V,Y,Y,Y,7.57,208
solar,Chint Power Systems America,CPS ECH7.6KTL/US,240V,Y,Y,Y,7.57,240
solar,Chint Power Systems America,CPS ECH9.6KTL/US,240V,Y,Y,Y,9.54,240
solar,Chint Power Systems America,CPS ECH9.6KTL/US,208V,Y,Y,Y,9.55,208
solar,Chint Power Systems America,CPS ECH11.4KTL/US,208V,Y,Y,Y,11.35,208
solar,Chint Power Systems America,CPS ECH11.4KTL/US,240V,Y,Y,Y,11.36,240
solar,Chint Power Systems America,CPS ECH12KTL/US,240V,Y,Y,Y,11.99,240
solar,Chint Power Systems America,CPS ECH12KTL/US,208V,Y,Y,Y,12,208
solar,Chint Power Systems America,CPS SCA20KTL-DO-R/US-480,480V,N,Y,Y,20,480
solar,Chint Power Systems America,CPS SCA25KTL-DO/US-208,208V,N,Y,Y,25,208
solar,Chint Power Systems America,CPS SCA25KTL-DO-R/US-480,480V,N,Y,Y,25,480
solar,Chint Power Systems America,CPS SCA36KTL-DO/US,480V,N,N,Y,36,480
solar,Chint Power Systems America,CPS SCA36KTL-DO/US-480,480V,N,Y,Y,36,480
solar,Chint Power Systems America,CPS SCA50KTL-DO/US-480,480V,N,Y,Y,50,480
solar,Chint Power Systems America,SCA50K-T-US-208,208V,N,Y,Y,50,208
solar,Chint Power Systems America,CPS SCA60KTL-DO/US-480,480V,N,Y,Y,60,480
solar,Chint Power Systems America,CPS SCH100KTL-AIO/US-600,600V,N,Y,Y,100,600
solar,Chint Power Systems America,CPS SCH100KTL-DO/US-480,480V,N,Y,Y,100,480
solar,Chint Power Systems America,CPS SCH100KTL-DO/US-600,600V,N,Y,Y,100,600
solar,Chint Power Systems America,SCA100K-T-US-480,480V,N,Y,Y,100,480
solar,Chint Power Systems America,CPS SCH125KTL-AIO/US-600,600V,N,Y,Y,125,600
solar,Chint Power Systems America,CPS SCH125KTL-DO/US-600,600V,N,Y,Y,125,600
solar,Chint Power Systems America,SCH200K-T-US-480,480V,N,Y,Y,200,480
solar,Chint Power Systems America,SCH250K-T-US-600,600V,N,Y,Y,250,600
solar,Chint Power Systems America,CPS SCH275KTL-DO/US-800,800V,N,Y,Y,275,800
solar,Chint Power Systems America,CPS SCH320KTL-DO/US-800,800V,N,Y,Y,320,800
solar,Chint Power Systems America,CPS SCH350KTL-DO/US-800,800V,N,Y,Y,350,800
solar,"CSI Solar Co., Ltd.",CSI-25K-T480GL03-U,480V,N,Y,Y,24.8876,480
solar,"CSI Solar Co., Ltd.",CSI-25K-T480GL01-UB,480V,N,N,Y,24.958,480
solar,"CSI Solar Co., Ltd.",CSI-25KTL-GS-FLB,480V,N,N,Y,25,480
solar,"CSI Solar Co., Ltd.",CSI-30K-T208GL03-U,208V,N,Y,Y,29.878,208
solar,"CSI Solar Co., Ltd.",CSI-30K-T480GL03-U,480V,N,Y,Y,29.883,480
solar,"CSI Solar Co., Ltd.",CSI-30K-T480GL01-UB,480V,N,N,Y,29.948,480
solar,"CSI Solar Co., Ltd.",CSI-30KTL-GS-FLB,480V,N,N,Y,30,480
solar,"CSI Solar Co., Ltd.",CSI-33K-T480GL03-U,480V,N,Y,Y,32.865,480
solar,"CSI Solar Co., Ltd.",CSI-36K-T480GL03-U,480V,N,Y,Y,35.866,480
solar,"CSI Solar Co., Ltd.",CSI-36K-T480GL01-UB,480V,N,N,Y,35.925,480
solar,"CSI Solar Co., Ltd.",CSI-36KTL-GS-FLB,480V,N,N,Y,36,480
solar,"CSI Solar Co., Ltd.",CSI-40K-T480GL03-U,480V,N,Y,Y,39.841,480
solar,"CSI Solar Co., Ltd.",CSI-40K-T480GL01-UB,480V,N,N,Y,39.926,480
solar,"CSI Solar Co., Ltd.",CSI-40KTL-GS-B,480V,N,N,Y,40,480
solar,"CSI Solar Co., Ltd.",CSI-40KTL-GS-FLB,480V,N,N,Y,40,480
solar,"CSI Solar Co., Ltd.",CSI-50K-T480GL03-U,480V,N,Y,Y,49.848,480
solar,"CSI Solar Co., Ltd.",CSI-50K-T480GL01-UB,480V,N,N,Y,49.916,480
solar,"CSI Solar Co., Ltd.",CSI-50KTL-GS-B,480V,N,N,Y,50,480
solar,"CSI Solar Co., Ltd.",CSI-50KTL-GS-FLB,480V,N,N,Y,50,480
solar,"CSI Solar Co., Ltd.",CSI-60K-T480GL03-U,480V,N,Y,Y,59.898,480
solar,"CSI Solar Co., Ltd.",CSI-60K-T480GL01-UB,480V,N,N,Y,59.933,480
solar,"CSI Solar Co., Ltd.",CSI-60KTL-GS-B,480V,N,N,Y,60,480
solar,"CSI Solar Co., Ltd.",CSI-66K-T480GL01-UB,480V,N,N,Y,65.926,480
solar,"CSI Solar Co., Ltd.",CSI-66KTL-GS-B,480V,N,N,Y,66,480
solar,"CSI Solar Co., Ltd.",CSI-75K-T480GL03-U,480V,N,Y,Y,74.574,480
solar,"CSI Solar Co., Ltd.",CSI-75K-T480GL02-U,480V,N,N,Y,75,480
solar,"CSI Solar Co., Ltd.",CSI-80K-T480GL03-U,480V,N,Y,Y,79.446,480
solar,"CSI Solar Co., Ltd.",CSI-80K-T480GL02-U,480V,N,N,Y,80,480
solar,"CSI Solar Co., Ltd.",CSI-90K-T480GL03-U,480V,N,Y,Y,89.449,480
solar,"CSI Solar Co., Ltd.",CSI-90K-T480GL02-U,480V,N,N,Y,90,480
solar,"CSI Solar Co., Ltd.",CSI-100K-T480GL03-U,480V,N,Y,Y,99.368,480
solar,"CSI Solar Co., Ltd.",CSI-100K-T480GL02-U,480V,N,N,Y,100,480
solar,"CSI Solar Co., Ltd.",CSI-125KTL-GS-E,600V,N,N,Y,125,600
solar,"CSI Solar Co., Ltd.",CSI-125K-T600GL02-U,600V,N,N,Y,125.083,600
solar,"CSI Solar Co., Ltd.",CSI-185K-T600GL02-U,600V,N,N,Y,185.005,600
solar,"CSI Solar Co., Ltd.",CSI-185K-T600GL03-U,600V,N,N,Y,185.005,600
solar,"CSI Solar Co., Ltd.",CSI-255K-T800GL02-U,800V,N,N,Y,255.013,800
solar,"CSI Solar Co., Ltd.",CSI-255K-T800GL03-U,800V,N,N,Y,255.013,800
solar,Darfon Electronics Corp.,H5001xxxxxx,240V,Y,N,Y,4.844,240
solar,Darfon Electronics Corp.,H5000xxxxxx,240V,Y,N,Y,5.074,240
solar,Darfon Electronics Corp.,H7xxxxxx,240V,Y,N,Y,9.60401,240
solar,dcbel Inc.,Dcbel Ara (DBHS-ARxx-xx),240V,Y,Y,N,7.624,240
solar,Delta Electronics,SOLIVIA 3.8 NA G4 TL,208V,N,N,Y,3.32,208
solar,Delta Electronics,M4-TL-US,208V,N,Y,Y,3.33,208
solar,Delta Electronics,E4_BDI,208V,Y,Y,Y,3.3413399999999993,208
solar,Delta Electronics,E4-TL-US,208V,Y,Y,Y,3.36,208
solar,Delta Electronics,SOLIVIA 3.8 NA G4 TL,240V,N,N,Y,3.81,240
solar,Delta Electronics,M4-TL-US,240V,N,Y,Y,3.84,240
solar,Delta Electronics,E4-TL-US,240V,Y,Y,Y,3.87,240
solar,Delta Electronics,E4_BDI,240V,Y,Y,Y,3.8981800000000004,240
solar,Delta Electronics,M5-TL-US,208V,N,Y,Y,4.16,208
solar,Delta Electronics,M5-TL-US,240V,N,Y,Y,4.86,240
solar,Delta Electronics,M6-TL-US,208V,N,Y,Y,4.99,208
solar,Delta Electronics,E6-TL-US,208V,Y,Y,Y,4.992,208
solar,Delta Electronics,E6_BDI,208V,Y,Y,Y,5.025,208
solar,Delta Electronics,SOLIVIA 5.2 NA G4 TL,208V,N,N,Y,5.2,208
solar,Delta Electronics,SOLIVIA 5.2 NA G4 TL,240V,N,N,Y,5.2,240
solar,Delta Electronics,E6-TL-US,240V,Y,Y,Y,5.76,240
solar,Delta Electronics,M6-TL-US,240V,N,Y,Y,5.76,240
solar,Delta Electronics,E6_BDI,240V,Y,Y,Y,5.823,240
solar,Delta Electronics,SOLIVIA 6.6 NA G4 TL,208V,N,N,Y,6.6,208
solar,Delta Electronics,SOLIVIA 6.6 NA G4 TL,240V,N,N,Y,6.6,240
solar,Delta Electronics,SOLIVIA 7.6 NA G4 TL,208V,N,N,Y,6.6,208
solar,Delta Electronics,E8-TL-US,208V,Y,Y,Y,6.656,208
solar,Delta Electronics,M8-TL-US,208V,N,Y,Y,6.66,208
solar,Delta Electronics,E8 Plus-TL-US,208V,Y,Y,Y,6.6768,208
solar,Delta Electronics,E8_BDI,208V,Y,Y,Y,6.677,208
solar,Delta Electronics,SOLIVIA 7.6 NA G4 TL,240V,N,N,Y,7.6,240
solar,Delta Electronics,E8-TL-US,240V,Y,Y,Y,7.68,240
solar,Delta Electronics,M8-TL-US,240V,N,Y,Y,7.68,240
solar,Delta Electronics,E8 Plus-TL-US,240V,Y,Y,Y,7.7159689912000005,240
solar,Delta Electronics,E8_BDI,240V,Y,Y,Y,7.716,240
solar,Delta Electronics,M10-TL-US,208V,N,Y,Y,8.36,208
solar,Delta Electronics,M10-4-TL-US,208V,N,Y,Y,8.385,208
solar,Delta Electronics,E10_BDI,208V,Y,Y,Y,8.4,208
solar,Delta Electronics,E10-TL-US,208V,Y,Y,Y,8.4,208
solar,Delta Electronics,M10-TL-US,240V,N,Y,Y,9.62,240
solar,Delta Electronics,E10_BDI,240V,Y,Y,Y,9.674,240
solar,Delta Electronics,E10-TL-US,240V,Y,Y,Y,9.674,240
solar,Delta Electronics,M10-4-TL-US,240V,N,Y,Y,9.674,240
solar,Delta Electronics,S12_BDI,208V,Y,Y,Y,10.056799999999999,208
solar,Delta Electronics,S12_BDI,240V,Y,Y,Y,11.5886,240
solar,Delta Electronics,M24U_120,480V,N,N,Y,26.403,480
solar,Delta Electronics,M24U_121,480V,N,N,Y,26.403,480
solar,Delta Electronics,M24U_122,480V,N,N,Y,26.403,480
solar,Delta Electronics,E30-TL,277V,Y,N,Y,30.488,277
solar,Delta Electronics,M28U_120,480V,N,N,Y,30.709,480
solar,Delta Electronics,M28U_121,480V,N,N,Y,30.709,480
solar,Delta Electronics,M28U_122,480V,N,N,Y,30.709,480
solar,Delta Electronics,M36U_120,480V,N,N,Y,39.737,480
solar,Delta Electronics,M36U_121,480V,N,N,Y,39.737,480
solar,Delta Electronics,M36U_122,480V,N,N,Y,39.737,480
solar,Delta Electronics,M42U_120,480V,N,N,Y,45.972,480
solar,Delta Electronics,M42U_121,480V,N,N,Y,45.972,480
solar,Delta Electronics,M42U_122,480V,N,N,Y,45.972,480
solar,Delta Electronics,M60U_260,480V,N,Y,Y,59.012,480
solar,Delta Electronics,M60U_280,480V,N,N,Y,60.019,480
solar,Delta Electronics,M60U_120,480V,N,N,Y,65.47,480
solar,Delta Electronics,M60U_121,480V,N,N,Y,65.47,480
solar,Delta Electronics,M60U_122,480V,N,N,Y,65.47,480
solar,Delta Electronics,M80U_280,480V,N,N,Y,80.023,480
solar,Delta Electronics,M80U_120,480V,N,N,Y,82.764,480
solar,Delta Electronics,M80U_121,480V,N,N,Y,82.764,480
solar,Delta Electronics,M80U_122,480V,N,N,Y,82.764,480
solar,Delta Electronics,M100U_280,480V,N,N,Y,99.975,480
solar,Delta Electronics,M125HV,600V,N,N,Y,124.468,600
solar,Delta Electronics,DP350U-US-XX,800V,N,Y,Y,352.401,800
solar,Destin Power Inc.,SAVEEN1000-ES02H.US,440V,N,N,Y,1000,440
solar,"Dyness Digital Energy Technology Co., LTD.",TX5K-HM,240V,Y,Y,N,5.02,240
solar,"Dyness Digital Energy Technology Co., LTD.",TX6K-HM,240V,Y,Y,N,6.018,240
solar,"Dyness Digital Energy Technology Co., LTD.",TX7.6K-HM,240V,Y,Y,N,7.64,240
solar,"Dyness Digital Energy Technology Co., LTD.",TX9.6K-HM,240V,Y,Y,N,9.648,240
solar,"Dyness Digital Energy Technology Co., LTD.",TX11.4K-HM,240V,Y,Y,N,11.498,240
solar,EcoFlow Inc.,EF-PCS-24,"208V, 11.5kW",Y,Y,N,11.443604,208
solar,EcoFlow Inc.,EF-PCS-24,"240V, 11.5kW",Y,Y,N,11.444227999999999,240
solar,EcoFlow Inc.,EF-PCS-24,"240V, 24kW",Y,Y,N,24.012305999999995,240
solar,EcoFlow Inc.,EF-PCS-24,"208V, 24kW",Y,Y,N,24.291386000000003,208
solar,EG4 Electronics LLC,IV-8000-HYB-AW,208V,Y,Y,Y,7.8599499999999995,208
solar,EG4 Electronics LLC,IV-8000-HYB-AW,240V,Y,Y,Y,7.86266,240
solar,EG4 Electronics LLC,18KPV-12LV,208V,Y,Y,Y,10.499,208
solar,EG4 Electronics LLC,IV-13000-HYB-AW-FX-xx,208V,Y,Y,Y,11.325,208
solar,EG4 Electronics LLC,18KPV-12LV,240V,Y,Y,Y,11.933,240
solar,EG4 Electronics LLC,IV-13000-HYB-AW-FX-xx,240V,Y,Y,Y,12.997,240
solar,EG4 Electronics LLC,IV-16000-HYB-AW-FX-xx,208V,Y,Y,Y,13.898700000000002,208
solar,EG4 Electronics LLC,IV-16000-HYB-AW-FX-xx,240V,Y,Y,Y,16.153200000000002,240
solar,Energizer Solar,Force 3.8DC,240V,Y,Y,Y,3.713042,240
solar,Energizer Solar,Force 5.7DC,240V,Y,Y,Y,5.74818,240
solar,Energizer Solar,Force 7.6DC,240V,Y,Y,Y,7.72034,240
solar,Energizer Solar,Force 9.6DC,240V,Y,Y,Y,9.609126,240
solar,Energizer Solar,Force 11.4DC,240V,Y,Y,Y,11.51192,240
solar,"Enphase Energy, Inc.",IQ7PD-72-2-US,208V,N,Y,Y,0.19,208
solar,"Enphase Energy, Inc.",IQ7PD-72-2-US,240V,N,Y,Y,0.19,240
solar,"Enphase Energy, Inc.",IQ7PD-84-2-US,208V,N,Y,Y,0.21,208
solar,"Enphase Energy, Inc.",IQ7PD-84-2-US,240V,N,Y,Y,0.21,240
solar,"Enphase Energy, Inc.",S230-60-LL-x,208V,N,N,Y,0.22,208
solar,"Enphase Energy, Inc.",S230-60-LL-x,240V,N,N,Y,0.22,240
solar,"Enphase Energy, Inc.",IQ6-60-2-US,208V,N,N,Y,0.23,208
solar,"Enphase Energy, Inc.",IQ6-60-2-US,240V,N,N,Y,0.23,240
solar,"Enphase Energy, Inc.",IQ6-60-5-US,208V,N,N,Y,0.23,208
solar,"Enphase Energy, Inc.",IQ6-60-5-US,240V,N,N,Y,0.23,240
solar,"Enphase Energy, Inc.",IQ6-60-ACM-US,208V,N,N,Y,0.23,208
solar,"Enphase Energy, Inc.",IQ6-60-ACM-US,240V,N,N,Y,0.23,240
solar,"Enphase Energy, Inc.",IQ7-60-2-US,208V,N,Y,Y,0.24,208
solar,"Enphase Energy, Inc.",IQ7-60-2-US,240V,N,Y,Y,0.24,240
solar,"Enphase Energy, Inc.",IQ7-60-5-US,208V,N,Y,Y,0.24,208
solar,"Enphase Energy, Inc.",IQ7-60-5-US,240V,N,Y,Y,0.24,240
solar,"Enphase Energy, Inc.",IQ7-60-ACM-US,208V,N,Y,Y,0.24,208
solar,"Enphase Energy, Inc.",IQ7-60-ACM-US,240V,N,Y,Y,0.24,240
solar,"Enphase Energy, Inc.",IQ7-60-ACM-US-NM,208V,N,Y,Y,0.24,208
solar,"Enphase Energy, Inc.",IQ7-60-ACM-US-NM,240V,N,Y,Y,0.24,240
solar,"Enphase Energy, Inc.",IQ7-60-E-ACM-US,208V,N,Y,Y,0.24,208
solar,"Enphase Energy, Inc.",IQ7-60-E-ACM-US,240V,N,Y,Y,0.24,240
solar,"Enphase Energy, Inc.",IQ7-60-E-ACM-US-NM,208V,N,Y,Y,0.24,208
solar,"Enphase Energy, Inc.",IQ7-60-E-ACM-US-NM,240V,N,Y,Y,0.24,240
solar,"Enphase Energy, Inc.",IQ7-60-E-US,208V,N,Y,Y,0.24,208
solar,"Enphase Energy, Inc.",IQ7-60-E-US,240V,N,Y,Y,0.24,240
solar,"Enphase Energy, Inc.",IQ7-60-M-US,208V,N,Y,Y,0.24,208
solar,"Enphase Energy, Inc.",IQ7-60-M-US,240V,N,Y,Y,0.24,240
solar,"Enphase Energy, Inc.",IQ8-60-2-US,240V,N,Y,Y,0.24,240
solar,"Enphase Energy, Inc.",IQ8-60-M-US,240V,N,Y,Y,0.24,240
solar,"Enphase Energy, Inc.",XACM-IQ7-LR6-60PB-300M,208V,N,Y,Y ,0.24,208
solar,"Enphase Energy, Inc.",XACM-IQ7-LR6-60PB-300M,240V,N,Y,Y ,0.24,240
solar,"Enphase Energy, Inc.",XACM-IQ7-LR6-60PB-305M,208V,N,Y,Y ,0.24,208
solar,"Enphase Energy, Inc.",XACM-IQ7-LR6-60PB-305M,240V,N,Y,Y ,0.24,240
solar,"Enphase Energy, Inc.",IQ6PLUS-ACB-LL,240V,N,N,Y,0.27,240
solar,"Enphase Energy, Inc.",S280-60-LL-x,208V,N,N,Y,0.27,208
solar,"Enphase Energy, Inc.",S280-60-LL-x,240V,N,N,Y,0.27,240
solar,"Enphase Energy, Inc.",IQ6PLUS-72-2-US,208V,N,N,Y,0.28,208
solar,"Enphase Energy, Inc.",IQ6PLUS-72-2-US,240V,N,N,Y,0.28,240
solar,"Enphase Energy, Inc.",IQ6PLUS-72-5-US,208V,N,N,Y,0.28,208
solar,"Enphase Energy, Inc.",IQ6PLUS-72-5-US,240V,N,N,Y,0.28,240
solar,"Enphase Energy, Inc.",IQ6PLUS-72-ACM-US,208V,N,N,Y,0.28,208
solar,"Enphase Energy, Inc.",IQ6PLUS-72-ACM-US,240V,N,N,Y,0.28,240
solar,"Enphase Energy, Inc.",IQ7A-72-2-US,208V,N,Y,Y,0.29,208
solar,"Enphase Energy, Inc.",IQ7A-72-5-US,208V,N,Y,Y,0.29,208
solar,"Enphase Energy, Inc.",IQ7A-72-ACM-US,208V,N,Y,Y,0.29,208
solar,"Enphase Energy, Inc.",IQ7A-72-E-ACM-US,208V,N,Y,Y,0.29,208
solar,"Enphase Energy, Inc.",IQ7A-72-E-ACM-US-NM,208V,N,Y,Y,0.29,208
solar,"Enphase Energy, Inc.",IQ7A-72-E-US,208V,N,Y,Y,0.29,208
solar,"Enphase Energy, Inc.",IQ7A-72-M-US,208V,N,Y,Y,0.29,208
solar,"Enphase Energy, Inc.",IQ7AS-66-2-US,208V,N,Y,Y,0.29,208
solar,"Enphase Energy, Inc.",IQ7AS-66-5-US,208V,N,Y,Y,0.29,208
solar,"Enphase Energy, Inc.",IQ7AS-66-ACM-US,208V,N,Y,Y,0.29,208
solar,"Enphase Energy, Inc.",IQ7AS-66-ACM-US-NM,208V,N,Y,Y,0.29,208
solar,"Enphase Energy, Inc.",IQ7AS-66-ACM-US-RMA,208V,N,Y,Y,0.29,208
solar,"Enphase Energy, Inc.",IQ7AS-66-E-ACM-US,208V,N,Y,Y,0.29,208
solar,"Enphase Energy, Inc.",IQ7AS-66-E-ACM-US-NM,208V,N,Y,Y,0.29,208
solar,"Enphase Energy, Inc.",IQ7AS-66-E-US,208V,N,Y,Y,0.29,208
solar,"Enphase Energy, Inc.",IQ7PLUS-72-2-US,208V,N,Y,Y,0.29,208
solar,"Enphase Energy, Inc.",IQ7PLUS-72-2-US,240V,N,Y,Y,0.29,240
solar,"Enphase Energy, Inc.",IQ7PLUS-72-5-US,208V,N,Y,Y,0.29,208
solar,"Enphase Energy, Inc.",IQ7PLUS-72-5-US,240V,N,Y,Y,0.29,240
solar,"Enphase Energy, Inc.",IQ7PLUS-72-ACM-US,208V,N,Y,Y,0.29,208
solar,"Enphase Energy, Inc.",IQ7PLUS-72-ACM-US,240V,N,Y,Y,0.29,240
solar,"Enphase Energy, Inc.",IQ7PLUS-72-ACM-US-NM,208V,N,Y,Y,0.29,208
solar,"Enphase Energy, Inc.",IQ7PLUS-72-ACM-US-NM,240V,N,Y,Y,0.29,240
solar,"Enphase Energy, Inc.",IQ7PLUS-72-E-ACM-US,208V,N,Y,Y,0.29,208
solar,"Enphase Energy, Inc.",IQ7PLUS-72-E-ACM-US,240V,N,Y,Y,0.29,240
solar,"Enphase Energy, Inc.",IQ7PLUS-72-E-ACM-US-NM,208V,N,Y,Y,0.29,208
solar,"Enphase Energy, Inc.",IQ7PLUS-72-E-ACM-US-NM,240V,N,Y,Y,0.29,240
solar,"Enphase Energy, Inc.",IQ7PLUS-72-E-US,208V,N,Y,Y,0.29,208
solar,"Enphase Energy, Inc.",IQ7PLUS-72-E-US,240V,N,Y,Y,0.29,240
solar,"Enphase Energy, Inc.",IQ7PLUS-72-M-US,208V,N,Y,Y,0.29,208
solar,"Enphase Energy, Inc.",IQ7PLUS-72-M-US,240V,N,Y,Y,0.29,240
solar,"Enphase Energy, Inc.",IQ7A-66-x-US-&,208V,N,N,Y,0.292909,208
solar,"Enphase Energy, Inc.",IQ7A-66-x-ACM-US-y-z-&,208V,N,N,Y,0.29291,208
solar,"Enphase Energy, Inc.",IQ8PLUS-72-2-US,240V,N,Y,Y,0.295,240
solar,"Enphase Energy, Inc.",IQ8PLUS-72-M-DOM-US,240V,N,Y,Y,0.295,240
solar,"Enphase Energy, Inc.",IQ8PLUS-72-M-F-US,240V,N,Y,Y,0.295,240
solar,"Enphase Energy, Inc.",IQ8PLUS-72-M-US,240V,N,Y,Y,0.295,240
solar,"Enphase Energy, Inc.",IQ7GPLUS-72-2-US,240V,N,N,Y,0.298,240
solar,"Enphase Energy, Inc.",IQ8MC-72-2-US,208V,N,Y,Y,0.309,208
solar,"Enphase Energy, Inc.",IQ8MC-72-M-DOM-US,208V,N,Y,Y,0.31,208
solar,"Enphase Energy, Inc.",IQ8MC-72-M-F-US,208V,N,Y,Y,0.31,208
solar,"Enphase Energy, Inc.",IQ8MC-72-M-US,208V,N,Y,Y,0.31,208
solar,"Enphase Energy, Inc.",IQ7X-96-2-US,208V,N,Y,Y,0.315,208
solar,"Enphase Energy, Inc.",IQ7X-96-2-US,240V,N,Y,Y,0.315,240
solar,"Enphase Energy, Inc.",IQ7X-96-5-US,208V,N,Y,Y,0.315,208
solar,"Enphase Energy, Inc.",IQ7X-96-5-US,240V,N,Y,Y,0.315,240
solar,"Enphase Energy, Inc.",IQ7X-96-ACM-US,208V,N,Y,Y,0.315,208
solar,"Enphase Energy, Inc.",IQ7X-96-ACM-US,240V,N,Y,Y,0.315,240
solar,"Enphase Energy, Inc.",IQ7X-96-ACM-US-NM,208V,N,Y,Y,0.315,208
solar,"Enphase Energy, Inc.",IQ7X-96-ACM-US-NM,240V,N,Y,Y,0.315,240
solar,"Enphase Energy, Inc.",IQ7X-96-E-ACM-US,208V,N,Y,Y,0.315,208
solar,"Enphase Energy, Inc.",IQ7X-96-E-ACM-US,240V,N,Y,Y,0.315,240
solar,"Enphase Energy, Inc.",IQ7X-96-E-ACM-US-NM,208V,N,Y,Y,0.315,208
solar,"Enphase Energy, Inc.",IQ7X-96-E-ACM-US-NM,240V,N,Y,Y,0.315,240
solar,"Enphase Energy, Inc.",IQ7X-96-E-US,208V,N,Y,Y,0.315,208
solar,"Enphase Energy, Inc.",IQ7X-96-E-US,240V,N,Y,Y,0.315,240
solar,"Enphase Energy, Inc.",IQ7X-96-M-US,208V,N,Y,Y,0.315,208
solar,"Enphase Energy, Inc.",IQ7X-96-M-US,240V,N,Y,Y,0.315,240
solar,"Enphase Energy, Inc.",IQ7XS-96-2-US,208V,N,Y,Y,0.315,208
solar,"Enphase Energy, Inc.",IQ7XS-96-2-US,240V,N,Y,Y,0.315,240
solar,"Enphase Energy, Inc.",IQ7XS-96-5-US,208V,N,Y,Y,0.315,208
solar,"Enphase Energy, Inc.",IQ7XS-96-5-US,240V,N,Y,Y,0.315,240
solar,"Enphase Energy, Inc.",IQ7XS-96-ACM-US,208V,N,Y,Y,0.315,208
solar,"Enphase Energy, Inc.",IQ7XS-96-ACM-US,240V,N,Y,Y,0.315,240
solar,"Enphase Energy, Inc.",IQ7XS-96-ACM-US-NM,208V,N,Y,Y,0.315,208
solar,"Enphase Energy, Inc.",IQ7XS-96-ACM-US-NM,240V,N,Y,Y,0.315,240
solar,"Enphase Energy, Inc.",IQ7XS-96-ACM-US-RMA,208V,N,Y,Y,0.315,208
solar,"Enphase Energy, Inc.",IQ7XS-96-ACM-US-RMA,240V,N,Y,Y,0.315,240
solar,"Enphase Energy, Inc.",IQ7XS-96-E-ACM-US,208V,N,Y,Y,0.315,208
solar,"Enphase Energy, Inc.",IQ7XS-96-E-ACM-US,240V,N,Y,Y,0.315,240
solar,"Enphase Energy, Inc.",IQ7XS-96-E-ACM-US-NM,208V,N,Y,Y,0.315,208
solar,"Enphase Energy, Inc.",IQ7XS-96-E-ACM-US-NM,240V,N,Y,Y,0.315,240
solar,"Enphase Energy, Inc.",IQ7XS-96-E-US,208V,N,Y,Y,0.315,208
solar,"Enphase Energy, Inc.",IQ7XS-96-E-US,240V,N,Y,Y,0.315,240
solar,"Enphase Energy, Inc.",IQ8MC-72-2-US,240V,N,Y,Y,0.32,240
solar,"Enphase Energy, Inc.",IQ8MC-72-M-DOM-US,240V,N,Y,Y,0.32,240
solar,"Enphase Energy, Inc.",IQ8MC-72-M-F-US,240V,N,Y,Y,0.32,240
solar,"Enphase Energy, Inc.",IQ8MC-72-M-US,240V,N,Y,Y,0.32,240
solar,"Enphase Energy, Inc.",IQ8M-72-2-US,240V,N,Y,Y,0.325,240
solar,"Enphase Energy, Inc.",IQ8M-72-M-US,240V,N,Y,Y,0.325,240
solar,"Enphase Energy, Inc.",IQ8AC-72-2-US,208V,N,Y,Y,0.344,208
solar,"Enphase Energy, Inc.",IQ8AC-72-M-DOM-US,208V,N,Y,Y,0.345,208
solar,"Enphase Energy, Inc.",IQ8AC-72-M-F-US,208V,N,Y,Y,0.345,208
solar,"Enphase Energy, Inc.",IQ8AC-72-M-US,208V,N,Y,Y,0.345,208
solar,"Enphase Energy, Inc.",IQ7A-66-x-US-&,240V,N,N,Y,0.348698,240
solar,"Enphase Energy, Inc.",IQ7A-66-x-ACM-US-y-z-&,240V,N,N,Y,0.349,240
solar,"Enphase Energy, Inc.",IQ7A-72-2-US,240V,N,Y,Y,0.349,240
solar,"Enphase Energy, Inc.",IQ7A-72-5-US,240V,N,Y,Y,0.349,240
solar,"Enphase Energy, Inc.",IQ7A-72-ACM-US,240V,N,Y,Y,0.349,240
solar,"Enphase Energy, Inc.",IQ7A-72-E-ACM-US,240V,N,Y,Y,0.349,240
solar,"Enphase Energy, Inc.",IQ7A-72-E-ACM-US-NM,240V,N,Y,Y,0.349,240
solar,"Enphase Energy, Inc.",IQ7A-72-E-US,240V,N,Y,Y,0.349,240
solar,"Enphase Energy, Inc.",IQ7A-72-M-US,240V,N,Y,Y,0.349,240
solar,"Enphase Energy, Inc.",IQ7AS-66-2-US,240V,N,Y,Y,0.349,240
solar,"Enphase Energy, Inc.",IQ7AS-66-5-US,240V,N,Y,Y,0.349,240
solar,"Enphase Energy, Inc.",IQ7AS-66-ACM-US,240V,N,Y,Y,0.349,240
solar,"Enphase Energy, Inc.",IQ7AS-66-ACM-US-NM,240V,N,Y,Y,0.349,240
solar,"Enphase Energy, Inc.",IQ7AS-66-ACM-US-RMA,240V,N,Y,Y,0.349,240
solar,"Enphase Energy, Inc.",IQ7AS-66-E-ACM-US,240V,N,Y,Y,0.349,240
solar,"Enphase Energy, Inc.",IQ7AS-66-E-ACM-US-NM,240V,N,Y,Y,0.349,240
solar,"Enphase Energy, Inc.",IQ7AS-66-E-US,240V,N,Y,Y,0.349,240
solar,"Enphase Energy, Inc.",IQ8A-72-2-US,240V,N,Y,Y,0.349,240
solar,"Enphase Energy, Inc.",IQ8A-72-M-US,240V,N,Y,Y,0.349,240
solar,"Enphase Energy, Inc.",IQ8AC-72-2-US,240V,N,Y,Y,0.349,240
solar,"Enphase Energy, Inc.",IQ8AC-72-M-DOM-US,240V,N,Y,Y,0.349,240
solar,"Enphase Energy, Inc.",IQ8AC-72-M-F-US,240V,N,Y,Y,0.349,240
solar,"Enphase Energy, Inc.",IQ8AC-72-M-US,240V,N,Y,Y,0.349,240
solar,"Enphase Energy, Inc.",IQ8HC-72-2-US,208V,N,Y,Y,0.359,208
solar,"Enphase Energy, Inc.",IQ8X-80-E-US,208V,N,Y,Y,0.359,208
solar,"Enphase Energy, Inc.",IQ8X-80-M-DOM-US,208V,N,Y,Y,0.359,208
solar,"Enphase Energy, Inc.",IQ8H-208-72-2-US,208V,N,Y,Y,0.36,208
solar,"Enphase Energy, Inc.",IQ8H-208-72-M-US,208V,N,Y,Y,0.36,208
solar,"Enphase Energy, Inc.",IQ8HC-72-M-DOM-US,208V,N,Y,Y,0.36,208
solar,"Enphase Energy, Inc.",IQ8HC-72-M-US,208V,N,Y,Y,0.36,208
solar,"Enphase Energy, Inc.",IQ8X-80-M-US,208V,N,Y,Y,0.36,208
solar,"Enphase Energy, Inc.",IQ7HS-66-ACM-US,208V,N,Y,Y ,0.367,208
solar,"Enphase Energy, Inc.",IQ7HS-66-ACM-US-NM,208V,N,Y,Y ,0.367,208
solar,"Enphase Energy, Inc.",IQ7HS-66-E-ACM-US,208V,N,Y,Y ,0.367,208
solar,"Enphase Energy, Inc.",IQ7HS-66-E-ACM-US-NM,208V,N,Y,Y ,0.367,208
solar,"Enphase Energy, Inc.",IQ7HS-66-M-ACM-US,208V,N,Y,Y,0.367,208
solar,"Enphase Energy, Inc.",IQ7HS-66-M-ACM-US-NM,208V,N,Y,Y,0.367,208
solar,"Enphase Energy, Inc.",IQ7HS-66-M-ACM-US-RMA,208V,N,Y,Y,0.367,208
solar,"Enphase Energy, Inc.",IQ7HS-66-M-US,208V,N,Y,Y,0.367,208
solar,"Enphase Energy, Inc.",IQ8H-240-72-2-US,240V,N,Y,Y,0.38,240
solar,"Enphase Energy, Inc.",IQ8H-240-72-M-US,240V,N,Y,Y,0.38,240
solar,"Enphase Energy, Inc.",IQ8H-3P-72-E-US,208V,N,Y,Y,0.38,208
solar,"Enphase Energy, Inc.",IQ8H-3P-72-M-US,208V,N,Y,Y,0.38,208
solar,"Enphase Energy, Inc.",IQ7HS-66-ACM-US,240V,N,Y,Y ,0.384,240
solar,"Enphase Energy, Inc.",IQ7HS-66-ACM-US-NM,240V,N,Y,Y ,0.384,240
solar,"Enphase Energy, Inc.",IQ7HS-66-E-ACM-US,240V,N,Y,Y ,0.384,240
solar,"Enphase Energy, Inc.",IQ7HS-66-E-ACM-US-NM,240V,N,Y,Y ,0.384,240
solar,"Enphase Energy, Inc.",IQ7HS-66-M-ACM-US,240V,N,Y,Y,0.384,240
solar,"Enphase Energy, Inc.",IQ7HS-66-M-ACM-US-NM,240V,N,Y,Y,0.384,240
solar,"Enphase Energy, Inc.",IQ7HS-66-M-ACM-US-RMA,240V,N,Y,Y,0.384,240
solar,"Enphase Energy, Inc.",IQ7HS-66-M-US,240V,N,Y,Y,0.384,240
solar,"Enphase Energy, Inc.",IQ8HC-72-2-US,240V,N,Y,Y,0.384,240
solar,"Enphase Energy, Inc.",IQ8HC-72-M-DOM-US,240V,N,Y,Y,0.384,240
solar,"Enphase Energy, Inc.",IQ8HC-72-M-US,240V,N,Y,Y,0.384,240
solar,"Enphase Energy, Inc.",IQ8X-80-E-US,240V,N,Y,Y,0.384,240
solar,"Enphase Energy, Inc.",IQ8X-80-M-DOM-US,240V,N,Y,Y,0.384,240
solar,"Enphase Energy, Inc.",IQ8X-80-M-US,240V,N,Y,Y,0.384,240
solar,"Enphase Energy, Inc.",IQ9N-A-DOM-US,208V,N,Y,Y,0.405,208
solar,"Enphase Energy, Inc.",IQ9N-A-US,208V,N,Y,Y,0.405,208
solar,"Enphase Energy, Inc.",IQ9N-A-DOM-US-HPB,208V,N,Y,Y,0.415,208
solar,"Enphase Energy, Inc.",IQ9N-3P-277-A-DOM-US,277V,N,Y,Y,0.427,277
solar,"Enphase Energy, Inc.",IQ9N-3P-277-A-US,277V,N,Y,Y,0.427,277
solar,"Enphase Energy, Inc.",IQ9N-A-DOM-US,240V,N,Y,Y,0.427,240
solar,"Enphase Energy, Inc.",IQ9N-A-US,240V,N,Y,Y,0.427,240
solar,"Enphase Energy, Inc.",IQ9N-A-DOM-US-HPB,240V,N,Y,Y,0.44,240
solar,"Enphase Energy, Inc.",IQ8P-3P-72-E-DOM-US,208V,N,Y,Y,0.475,208
solar,"Enphase Energy, Inc.",IQ8P-3P-72-E-US,208V,N,Y,Y,0.475,208
solar,"Enphase Energy, Inc.",IQ8P-3P-72-M-US,208V,N,Y,Y,0.475,208
solar,"Enphase Energy, Inc.",IQ8P-72-2-US,240V,N,Y,Y,0.475,240
solar,"Enphase Energy, Inc.",IQ8P-72-M-US,240V,N,Y,Y,0.475,240
solar,"Enphase Energy, Inc.",IQ9S-3P-277-B-DOM-US,277V,N,Y,Y,0.548,277
solar,"Enphase Energy, Inc.",IQ9S-3P-277-B-US,277V,N,Y,Y,0.548,277
solar,"Enphase Energy, Inc.",IQ8D-72-E-US,208V,N,N,Y,0.64,208
solar,EPC Power Corp.,HY LC12/6-7,480V,Y,N,Y,220.033,480
solar,EPC Power Corp.,50-100181,480V,Y,Y,Y,1044.2,480
solar,EPC Power Corp.,50-100181,600V,Y,Y,Y,1304.151,600
solar,EPC Power Corp.,50-100181,690V,Y,Y,Y,1504.9,690
solar,"Eternalplanet Energy Co., Ltd",HNA2-S11G6,240V,Y,Y,N,11.349,240
solar,"Eternalplanet Energy Co., Ltd",HNA2-S11G7,240V,Y,Y,N,11.349,240
solar,"Eternalplanet Energy Co., Ltd",HNA2-S11G5,"208V, 5.0kW",Y,Y,N,5.0315,208
solar,"Eternalplanet Energy Co., Ltd",HNA2-S11G6,"208V, 5.0kW",Y,Y,N,5.0315,208
solar,"Eternalplanet Energy Co., Ltd",HNA2-S11G7,"208V, 5.0kW",Y,Y,N,5.0315,208
solar,"Eternalplanet Energy Co., Ltd",HNA2-S11G5,"240V, 5.8kW",Y,Y,N,5.8122,240
solar,"Eternalplanet Energy Co., Ltd",HNA2-S11G6,"240V, 5.8kW",Y,Y,N,5.8122,240
solar,"Eternalplanet Energy Co., Ltd",HNA2-S11G7,"240V, 5.8kW",Y,Y,N,5.8122,240
solar,"Eternalplanet Energy Co., Ltd",HNA2-S11G5,"208V, 6.6kW",Y,Y,N,6.68,208
solar,"Eternalplanet Energy Co., Ltd",HNA2-S11G6,"208V, 6.6kW",Y,Y,N,6.68,208
solar,"Eternalplanet Energy Co., Ltd",HNA2-S11G7,"208V, 6.6kW",Y,Y,N,6.68,208
solar,"Eternalplanet Energy Co., Ltd",HNA2-S11G5,"240V, 7.6kW",Y,Y,N,7.6,240
solar,"Eternalplanet Energy Co., Ltd",HNA2-S11G6,"240V, 7.6kW",Y,Y,N,7.6,240
solar,"Eternalplanet Energy Co., Ltd",HNA2-S11G7,"240V, 7.6kW",Y,Y,N,7.6,240
solar,"Eternalplanet Energy Co., Ltd",HNA2-S11G5,"240V, 9.6kW",Y,Y,N,9.63,240
solar,"Eternalplanet Energy Co., Ltd",HNA2-S11G6,"240V, 9.6kW",Y,Y,N,9.63,240
solar,"Eternalplanet Energy Co., Ltd",HNA2-S11G7,"240V, 9.6kW",Y,Y,N,9.63,240
solar,"Eternalplanet Energy Co., Ltd",HNA2-S11G5,"208V, 9.9kW",Y,Y,N,9.9,208
solar,"Eternalplanet Energy Co., Ltd",HNA2-S11G6,"208V, 9.9kW",Y,Y,N,9.9,208
solar,"Eternalplanet Energy Co., Ltd",HNA2-S11G7,"208V, 9.9kW",Y,Y,N,9.9,208
solar,"Eternalplanet Energy Co., Ltd",HNA2-S11G5,"240V, 11.5kW",Y,Y,N,11.34938,240
solar,Expert Computer Int'l Inc.,ExpertPower 10KW Hybrid Inverter,240V,Y,Y,N,9.0186,240
solar,"Fengfan Co., Ltd. Power Supply Branch",SPT-OMOBFP1-A-6KW,120V,Y,Y,N,6.017662268,120
solar,Fortress Power LLC,Avalon HV PC50,240V,Y,Y,Y,5.0016576146,240
solar,Fortress Power LLC,EdgeOn Duo 7.5,208V,Y,Y,Y,5.02,208
solar,Fortress Power LLC,EdgeOn Duo 7.5,240V,Y,Y,Y,5.04,240
solar,Fortress Power LLC,EdgeOn Duo 9,208V,Y,Y,Y,6.12366,208
solar,Fortress Power LLC,EdgeOn Duo 9,240V,Y,Y,Y,6.149320000000001,240
solar,Fortress Power LLC,Avalon HV PC76,240V,Y,Y,Y,7.604300439,240
solar,Fortress Power LLC,EdgeOn Duo 12 Lite,240V,Y,Y,Y,7.6472,240
solar,Fortress Power LLC,EdgeOn Duo 12 Lite,208V,Y,Y,Y,7.648,208
solar,Fortress Power LLC,FP-ENVY-8K,208V,Y ,Y ,N,7.8599499999999995,208
solar,Fortress Power LLC,FP-ENVY-8K,240V,Y ,Y ,N,7.86266,240
solar,Fortress Power LLC,EdgeOn Duo 12,240V,Y,Y,Y,8.0472,240
solar,Fortress Power LLC,EdgeOn Duo 12,208V,Y,Y,Y,8.06,208
solar,Fortress Power LLC,FP-ENVY-10K,208V,Y,Y,N,9.757729999999999,208
solar,Fortress Power LLC,FP-ENVY-10K,240V,Y,Y,N,9.75858,240
solar,Fortress Power LLC,Avalon HV PC100,240V,Y,Y,Y,10.0006784874,240
solar,Fortress Power LLC,EdgeOn Duo 15,240V,Y,Y,Y,10.1396,240
solar,Fortress Power LLC,EdgeOn Duo 15 Lite,240V,Y,Y,Y,10.1472,240
solar,Fortress Power LLC,EdgeOn Duo 15,208V,Y,Y,Y,10.185799999999999,208
solar,Fortress Power LLC,EdgeOn Duo 15 Lite,208V,Y,Y,Y,10.185799999999999,208
solar,Fortress Power LLC,FP-ENVY-12K,208V,Y,Y,N,10.499373879999998,208
solar,Fortress Power LLC,Avalon HV PC114,240V,Y,Y,Y,11.40596,240
solar,Fortress Power LLC,EdgeOn Duo 15 Pro,240V,Y,Y,Y,11.566896,240
solar,Fortress Power LLC,EdgeOn Duo 15 Pro,208V,Y,Y,Y,11.608847999999998,208
solar,Fortress Power LLC,FP-ENVY-12K,240V,Y,Y,N,11.932559999999999,240
solar,Fortress Power LLC,FP-Envy 15K,208V,Y,Y,Y,13.899,208
solar,Fortress Power LLC,FP-Envy Duo 21,208V,Y,Y,Y,13.899,208
solar,Fortress Power LLC,FP-Envy 15K,240V,Y,Y,Y,16.153,240
solar,Fortress Power LLC,FP-Envy Duo 21,240V,Y,Y,Y,16.153,240
solar,Fortress Power LLC,FP-Nano-30k-L,208V,Y,Y,N,25.883548,208
solar,Fortress Power LLC,FP-Nano-30k-L,220V,Y,Y,N,27.379,220
solar,Fortress Power LLC,FP-Nano-30k-L,240V,Y,Y,N,29.834174,240
solar,Fortress Power LLC,FP-Nano-30k-N,480V,Y,Y,N,29.884702,480
solar,Fortress Power LLC,FP-Nano-40k-N,480V,Y,Y,N,39.844002,480
solar,Fortress Power LLC,FP-Nano-50k-N,480V,Y,Y,N,49.80341867,480
solar,Fortress Power LLC,FP-Nano-60k-N,480V,Y,Y,N,59.763,480
solar,"FOXESS CO., LTD.",M1-600-NA,208V,N,Y,N,0.607,208
solar,"FOXESS CO., LTD.",M1-800-NA,208V,N,Y,N,0.814,208
solar,"FOXESS CO., LTD.",M1-800-NA,240V,N,Y,N,0.814,240
solar,"FOXESS CO., LTD.",M1-1000-NA,208V,N,Y,N,1.004,208
solar,"FOXESS CO., LTD.",M1-1000-NA,240V,N,Y,N,1.005,240
solar,"FOXESS CO., LTD.",M1-1200-NA,240V,N,Y,N,1.201,240
solar,"FOXESS CO., LTD.",H1-3.8-US,240V,Y,Y,Y,3.7130419999999997,240
solar,"FOXESS CO., LTD.",AIO-H1-3.8-US,240V,Y,Y,Y,3.79722,240
solar,"FOXESS CO., LTD.",AIO-H1-5.7-US,240V,Y,Y,Y,5.6866,240
solar,"FOXESS CO., LTD.",H1-5.7-US,240V,Y,Y,Y,5.7481800000000005,240
solar,"FOXESS CO., LTD.",AIO-H1-7.6-US,240V,Y,Y,Y,7.58568,240
solar,"FOXESS CO., LTD.",H1-7.6-US,240V,Y,Y,Y,7.720340000000001,240
solar,"FOXESS CO., LTD.",AIO-H1-9.6-US,240V,Y,Y,Y,9.575239999999999,240
solar,"FOXESS CO., LTD.",H1-9.6-US,240V,Y,Y,Y,9.609126,240
solar,"FOXESS CO., LTD.",AIO-H1-11.4-US,240V,Y,Y,Y,11.361180000000001,240
solar,"FOXESS CO., LTD.",H1-11.4-US,240V,Y,Y,Y,11.511920000000002,240
solar,"FOXESS CO., LTD.",H3-70-Plus-US-L,208V,Y,Y,N,69.35,208
solar,"FOXESS CO., LTD.",H3-150-Plus-US-H,480V,Y,Y,N,149.243,480
solar,FranklinWH Energy Storage Inc.,aPower Syyy,240V,Y,Y,N,9.77644,240
solar,FranklinWH Energy Storage Inc.,aPower Syyy,208V,Y,Y,N,9.78508,208
solar,FranklinWH Energy Storage Inc.,aPower Syyy,"208V, 10kW",Y,Y,N,10.016,208
solar,FranklinWH Energy Storage Inc.,aPower Syyy,"240V, 10kW",Y,Y,N,10.076,240
solar,FranklinWH Energy Storage Inc.,aPower Syyy,"240V, 11.5kW",Y,Y,N,11.554,240
solar,FranklinWH Energy Storage Inc.,aPower Syyy,"208V, 11.5kW",Y,Y,N,11.577,208
solar,Fronius International GmbH,Fronius Primo 3.8-1 208-240,208V,N,N,Y,3.8,208
solar,Fronius International GmbH,Fronius Primo 3.8-1 208-240,240V,N,N,Y,3.8,240
solar,Fronius International GmbH,Primo GEN24 3.8 208-240,240V,Y,Y,Y,3.802,240
solar,Fronius International GmbH,Primo GEN24 3.8 208-240 Plus,240V,Y,Y,Y,3.802,240
solar,Fronius International GmbH,Primo GEN24 3.8 208-240,208V,Y,Y,Y,3.805,208
solar,Fronius International GmbH,Primo GEN24 3.8 208-240 Plus,208V,Y,Y,Y,3.805,208
solar,Fronius International GmbH,Fronius Primo 5.0-1 208-240,208V,N,N,Y,5,208
solar,Fronius International GmbH,Fronius Primo 5.0-1 208-240,240V,N,N,Y,5,240
solar,Fronius International GmbH,Primo GEN24 5.0 208-240,208V,Y,Y,Y,5.006,208
solar,Fronius International GmbH,Primo GEN24 5.0 208-240 Plus,208V,Y,Y,Y,5.006,208
solar,Fronius International GmbH,Primo GEN24 5.0 208-240,240V,Y,Y,Y,5.007,240
solar,Fronius International GmbH,Primo GEN24 5.0 208-240 Plus,240V,Y,Y,Y,5.007,240
solar,Fronius International GmbH,Primo GEN24 6.0 208-240,208V,Y,Y,Y,5.743,208
solar,Fronius International GmbH,Primo GEN24 6.0 208-240 Plus,208V,Y,Y,Y,5.743,208
solar,Fronius International GmbH,Fronius Primo 6.0-1 208-240,208V,N,N,Y,6,208
solar,Fronius International GmbH,Fronius Primo 6.0-1 208-240,240V,N,N,Y,6,240
solar,Fronius International GmbH,Primo GEN24 6.0 208-240,240V,Y,Y,Y,6.004,240
solar,Fronius International GmbH,Primo GEN24 6.0 208-240 Plus,240V,Y,Y,Y,6.004,240
solar,Fronius International GmbH,Fronius Primo 7.6-1 208-240,208V,N,N,Y,7.6,208
solar,Fronius International GmbH,Fronius Primo 7.6-1 208-240,240V,N,N,Y,7.6,240
solar,Fronius International GmbH,Primo GEN24 7.7 208-240,240V,Y,Y,Y,7.686,240
solar,Fronius International GmbH,Primo GEN24 7.7 208-240 Plus,240V,Y,Y,Y,7.686,240
solar,Fronius International GmbH,Primo GEN24 7.7 208-240,208V,Y,Y,Y,7.689,208
solar,Fronius International GmbH,Primo GEN24 7.7 208-240 Plus,208V,Y,Y,Y,7.689,208
solar,Fronius International GmbH,Fronius Primo 8.2-1 208-240,208V,N,N,Y,7.9,208
solar,Fronius International GmbH,Fronius Primo 8.2-1 208-240,240V,N,N,Y,8.2,240
solar,Fronius International GmbH,Primo GEN24 10.0 208-240,208V,Y,Y,Y,9.454,208
solar,Fronius International GmbH,Primo GEN24 10.0 208-240 Plus,208V,Y,Y,Y,9.454,208
solar,Fronius International GmbH,Fronius Primo 10.0-1 208-240,208V,N,N,Y,9.995,208
solar,Fronius International GmbH,Fronius Primo 10.0-1 208-240,240V,N,N,Y,9.995,240
solar,Fronius International GmbH,Fronius Symo 10.0-3 208-240,208V,N,N,Y,9.995,208
solar,Fronius International GmbH,Fronius Symo 10.0-3 208-240,240V,N,N,Y,9.995,240
solar,Fronius International GmbH,Fronius Symo 10.0-3 480,480V,N,N,Y,9.995,480
solar,Fronius International GmbH,Fronius Symo Advanced 10.0-3 208-240,208V,N,N,Y,10.011,208
solar,Fronius International GmbH,Fronius Symo Advanced 10.0-3 208-240 Lite,208V,N,N,Y,10.011,208
solar,Fronius International GmbH,Primo GEN24 10.0 208-240,240V,Y,Y,Y,10.019,240
solar,Fronius International GmbH,Primo GEN24 10.0 208-240 Plus,240V,Y,Y,Y,10.019,240
solar,Fronius International GmbH,Fronius Symo Advanced 10.0-3 208-240,240V,N,N,Y,10.062,240
solar,Fronius International GmbH,Fronius Symo Advanced 10.0-3 208-240 Lite,240V,N,N,Y,10.062,240
solar,Fronius International GmbH,Fronius Primo 11.4-1 208-240,208V,N,N,Y,11.4,208
solar,Fronius International GmbH,Fronius Primo 11.4-1 208-240,240V,N,N,Y,11.4,240
solar,Fronius International GmbH,Fronius Symo 12.0-3 208-240,208V,N,N,Y,12,208
solar,Fronius International GmbH,Fronius Symo 12.0-3 208-240,240V,N,N,Y,12,240
solar,Fronius International GmbH,Fronius Symo Advanced 12.0-3 208-240,240V,N,N,Y,12.09,240
solar,Fronius International GmbH,Fronius Symo Advanced 12.0-3 208-240 Lite,240V,N,N,Y,12.09,240
solar,Fronius International GmbH,Fronius Symo Advanced 12.0-3 208-240,208V,N,N,Y,12.341,208
solar,Fronius International GmbH,Fronius Symo Advanced 12.0-3 208-240 Lite,208V,N,N,Y,12.341,208
solar,Fronius International GmbH,Fronius Primo 12.5-1 208-240,208V,N,N,Y,12.5,208
solar,Fronius International GmbH,Fronius Primo 12.5-1 208-240,240V,N,N,Y,12.5,240
solar,Fronius International GmbH,Fronius Symo 12.5-3 480,480V,N,N,Y,12.5,480
solar,Fronius International GmbH,Fronius Primo 15.0-1 208-240,208V,N,N,Y,13.75,208
solar,Fronius International GmbH,Fronius Primo 15.0-1 208-240,240V,N,N,Y,15,240
solar,Fronius International GmbH,Fronius Symo 15.0-3 208,208V,N,N,Y,15,208
solar,Fronius International GmbH,Fronius Symo 15.0-3 480,480V,N,N,Y,15,480
solar,Fronius International GmbH,Fronius Symo Advanced 15.0-3 480,480V,N,N,Y,15.197,480
solar,Fronius International GmbH,Fronius Symo Advanced 15.0-3 480 Lite,480V,N,N,Y,15.197,480
solar,Fronius International GmbH,Fronius Symo 17.5-3 480,480V,N,N,Y,17.5,480
solar,Fronius International GmbH,Fronius Symo 20.0-3 480,480V,N,N,Y,20,480
solar,Fronius International GmbH,Fronius Symo Advanced 20.0-3 480,480V,N,N,Y,20.227,480
solar,Fronius International GmbH,Fronius Symo Advanced 20.0-3 480 Lite,480V,N,N,Y,20.227,480
solar,Fronius International GmbH,Fronius Symo 22.7-3 480,480V,N,N,Y,22.73,480
solar,Fronius International GmbH,Fronius Symo Advanced 22.7-3 480,480V,N,N,Y,22.876,480
solar,Fronius International GmbH,Fronius Symo Advanced 22.7-3 480 Lite,480V,N,N,Y,22.876,480
solar,Fronius International GmbH,Fronius Symo 24.0-3 480,480V,N,N,Y,24,480
solar,Fronius International GmbH,Fronius Symo Advanced 24.0-3 480,480V,N,N,Y,24.142,480
solar,Fronius International GmbH,Fronius Symo Advanced 24.0-3 480 Lite,480V,N,N,Y,24.142,480
solar,Gamesa Electric,PV3800,600V,N,N,Y,3418.394,600
solar,Gamesa Electric,PV4000,630V,N,N,Y,3597.332,630
solar,Gamesa Electric,PV4200,660V,N,N,Y,3767.352,660
solar,Gamesa Electric,PV4400,690V,N,N,Y,3939.574,690
solar,Gamesa Electric,PV4100,600V,N,N,Y,4054.978,600
solar,Gamesa Electric,PV4300,630V,N,N,Y,4260.428,630
solar,Gamesa Electric,PV4500,660V,N,N,Y,4405.964,660
solar,Gamesa Electric,PV4700,690V,N,N,Y,4654.418,690
solar,GE Renewable Energy,RIU-2500-U,550V,Y,N,Y,2507.194,550
solar,"Generac Power Systems, Inc.",CP-380-V2,208V,N,Y,Y,0.38,208
solar,"Generac Power Systems, Inc.",CP-380-V2,240V,N,Y,Y,0.38,240
solar,"Generac Power Systems, Inc.",CP-760-V2,240V,N,Y,Y,0.761,240
solar,"Generac Power Systems, Inc.",CP-760-V2,208V,N,Y,Y,0.762,208
solar,"Generac Power Systems, Inc.",PM-820,208V,N,Y,N,0.82,208
solar,"Generac Power Systems, Inc.",PM-820,240V,N,Y,N,0.82,240
solar,"Generac Power Systems, Inc.",X7602,240V,Y,N,Y,7.586,240
solar,"Generac Power Systems, Inc.",XVT076A03,240V,Y,Y,Y,7.606,240
solar,"Generac Power Systems, Inc.",X11402,208V,Y,N,Y,11.18,208
solar,"Generac Power Systems, Inc.",XVT114G03,208V,Y,N,Y,11.748,208
solar,General Motors Energy LLC,GM Energy Inverter e1.11,208V,Y,Y,N,10.056799999999999,208
solar,General Motors Energy LLC,GM Energy Inverter e1.11,240V,Y,Y,N,11.5886,240
solar,Geneverse Energy Inc.,GVI-HS-5K-USM,240V,Y,Y,N,5.089666,240
solar,Geneverse Energy Inc.,GVI-HS-6K-USM,240V,Y,Y,N,6.117181999999999,240
solar,Geneverse Energy Inc.,GVI-HS-7K6-USM,240V,Y,Y,N,7.76472,240
solar,Geneverse Energy Inc.,GVI-HS-8K-USM,240V,Y,Y,N,8.08416,240
solar,Geneverse Energy Inc.,GVI-HS-10K-USM,240V,Y,Y,N,10.17666,240
solar,"Ginlong Technologies Co., Ltd.",Solis-1P2.5K-4G-US,240V,N,N,Y,2.5,240
solar,"Ginlong Technologies Co., Ltd.",Solis-1P3K-4G-US,240V,N,N,Y,3,240
solar,"Ginlong Technologies Co., Ltd.",Solis-1P3.6K-4G-US,240V,N,Y,Y,3.6,240
solar,"Ginlong Technologies Co., Ltd.",S6-EH1P3.8K-H-US,240V,Y,Y,Y,3.8009800000000005,240
solar,"Ginlong Technologies Co., Ltd.",Solis-1P4K-4G-US,240V,N,N,Y,4,240
solar,"Ginlong Technologies Co., Ltd.",Solis-1P4.6K-4G-US,240V,N,N,Y,4.6,240
solar,"Ginlong Technologies Co., Ltd.",Solis-1P5K-4G-US,240V,N,Y,Y,5,240
solar,"Ginlong Technologies Co., Ltd.",S6-EH1P5K-H-US,240V,Y,Y,Y,5.0016576146,240
solar,"Ginlong Technologies Co., Ltd.",RHI-1P5K-HVES-5G,240V,Y,N,Y,5.003,240
solar,"Ginlong Technologies Co., Ltd.",Solis-1P6K2-4G-US,240V,N,N,Y,6,240
solar,"Ginlong Technologies Co., Ltd.",Solis-1P6K-4G-US,240V,N,Y,Y,6,240
solar,"Ginlong Technologies Co., Ltd.",RHI-1P6K-HVES-5G,240V,Y,N,Y,6.004,240
solar,"Ginlong Technologies Co., Ltd.",Solis-1P7K-4G-US,240V,N,N,Y,7,240
solar,"Ginlong Technologies Co., Ltd.",RHI-1P7K-HVES-5G,240V,Y,N,Y,7.006,240
solar,"Ginlong Technologies Co., Ltd.",Solis-1P7.6K-4G-US,240V,N,Y,Y,7.6,240
solar,"Ginlong Technologies Co., Ltd.",RHI-1P7.6K-HVES-5G,240V,Y,N,Y,7.603,240
solar,"Ginlong Technologies Co., Ltd.",S6-EH1P7.6K-H-US,240V,Y,Y,Y,7.604,240
solar,"Ginlong Technologies Co., Ltd.",Solis-1P8K-4G-US,240V,N,N,Y,8,240
solar,"Ginlong Technologies Co., Ltd.",RHI-1P8K-HVES-5G,240V,Y,N,Y,8.006,240
solar,"Ginlong Technologies Co., Ltd.",Solis-1P9K-4G-US,240V,N,Y,Y,9,240
solar,"Ginlong Technologies Co., Ltd.",RHI-1P9K-HVES-5G,240V,Y,N,Y,9.006,240
solar,"Ginlong Technologies Co., Ltd.",S6-EH2P9.6K03-SV-YD-L-US,240V,Y,Y,N,9.647099999999998,240
solar,"Ginlong Technologies Co., Ltd.",S6-EH1P9.9K-H-US,240V,Y,Y,Y,9.99,240
solar,"Ginlong Technologies Co., Ltd.",Solis-1P10K-4G-US,240V,N,Y,Y,10,240
solar,"Ginlong Technologies Co., Ltd.",S6-EH1P10K-H-US,240V,Y,Y,Y,10.001,240
solar,"Ginlong Technologies Co., Ltd.",RHI-1P10K-HVES-5G,240V,Y,N,Y,10.005,240
solar,"Ginlong Technologies Co., Ltd.",S6-EH1P11.4K-H-US,240V,Y,Y,Y,11.406,240
solar,"Ginlong Technologies Co., Ltd.",S6-EH2P11.4K03-SV-YD-L-US,240V,Y,Y,N,11.41,240
solar,"Ginlong Technologies Co., Ltd.",S6-EH2P12K03-SV-YD-L-US-E,240V,Y,Y,N,11.939,240
solar,"Ginlong Technologies Co., Ltd.",S6-EH2P12K03-SV-YD-L-US,240V,Y,Y,N,11.94,240
solar,"Ginlong Technologies Co., Ltd.",S6-EH2P14K03-SV-YD-L-US,240V,Y,Y,N,13.96,240
solar,"Ginlong Technologies Co., Ltd.",S6-EH2P16K03-SV-YD-L-US,240V,Y,Y,N,15.911,240
solar,"Ginlong Technologies Co., Ltd.",S6-EH2P16K03-SV-YD-L-US-E,240V,Y,Y,N,15.94,240
solar,"Ginlong Technologies Co., Ltd.",S6-GC25K-US,480V,N,Y,Y,24.8876,480
solar,"Ginlong Technologies Co., Ltd.",Solis-25K-US-LSW,480V,N,N,Y,24.958,480
solar,"Ginlong Technologies Co., Ltd.",Solis-25K-US,480V,N,N,Y,25,480
solar,"Ginlong Technologies Co., Ltd.",Solis-25K-US-SW,480V,N,N,Y,25,480
solar,"Ginlong Technologies Co., Ltd.",S6-EH3P30K03-LV-YD-H-US(21A),208V,Y,Y,N,25.883547999999998,208
solar,"Ginlong Technologies Co., Ltd.",S6-EH3P30K03-LV-YD-H-US,208V,Y,Y,N,25.9,208
solar,"Ginlong Technologies Co., Ltd.",S6-EH3P30K03-LV-YD-H-US,240V,Y,Y,N,29.705,240
solar,"Ginlong Technologies Co., Ltd.",S6-EH3P30K03-LV-YD-H-US(21A),240V,Y,Y,N,29.834173999999997,240
solar,"Ginlong Technologies Co., Ltd.",S6-GC30K-LV-US,240V,N,Y,Y,29.877599999999997,240
solar,"Ginlong Technologies Co., Ltd.",S6-GC30K-LV-US,208V,N,Y,Y,29.878,208
solar,"Ginlong Technologies Co., Ltd.",S6-GC30K-US,480V,N,Y,Y,29.883,480
solar,"Ginlong Technologies Co., Ltd.",S6-EH3P30K03-NV-YD-H-US(21A),480V,Y,Y,N,29.884702,480
solar,"Ginlong Technologies Co., Ltd.",S6-EH3P30K03-NV-YD-H-US,480V,Y,Y,N,29.891,480
solar,"Ginlong Technologies Co., Ltd.",Solis-30K-US-LSW,480V,N,N,Y,29.948,480
solar,"Ginlong Technologies Co., Ltd.",Solis-30K-US,480V,N,N,Y,30,480
solar,"Ginlong Technologies Co., Ltd.",Solis-30K-US-SW,480V,N,N,Y,30,480
solar,"Ginlong Technologies Co., Ltd.",S6-GC33K-US,480V,N,Y,Y,32.865,480
solar,"Ginlong Technologies Co., Ltd.",S6-GC36K-US,480V,N,Y,Y,35.866,480
solar,"Ginlong Technologies Co., Ltd.",Solis-36K-US-LSW,480V,N,N,Y,35.925,480
solar,"Ginlong Technologies Co., Ltd.",Solis-36K-US,480V,N,N,Y,36,480
solar,"Ginlong Technologies Co., Ltd.",Solis-36K-US-F-SW,480V,N,N,Y,36,480
solar,"Ginlong Technologies Co., Ltd.",Solis-36K-US-SW,480V,N,N,Y,36,480
solar,"Ginlong Technologies Co., Ltd.",S6-EH3P40K04-NV-YD-H-US,480V,Y,Y,N,39.802933333333335,480
solar,"Ginlong Technologies Co., Ltd.",S6-GC40K-US,480V,N,Y,Y,39.841,480
solar,"Ginlong Technologies Co., Ltd.",S6-EH3P40K04-NV-YD-H-US(21A),480V,Y,Y,N,39.844002,480
solar,"Ginlong Technologies Co., Ltd.",Solis-40K-US-LSW,480V,N,N,Y,39.926,480
solar,"Ginlong Technologies Co., Ltd.",Solis-40K-US,480V,N,N,Y,40,480
solar,"Ginlong Technologies Co., Ltd.",Solis-40K-US-F,480V,N,N,Y,40,480
solar,"Ginlong Technologies Co., Ltd.",Solis-40K-US-F-SW,480V,N,N,Y,40,480
solar,"Ginlong Technologies Co., Ltd.",Solis-40K-US-SW,480V,N,N,Y,40,480
solar,"Ginlong Technologies Co., Ltd.",S6-EH3P50K04-NV-YD-H-US,480V,Y,Y,N,49.80026666666667,480
solar,"Ginlong Technologies Co., Ltd.",S6-EH3P50K04-NV-YD-H-US(21A),480V,Y,Y,N,49.803418666666666,480
solar,"Ginlong Technologies Co., Ltd.",S6-GC50K-US,480V,N,Y,Y,49.848,480
solar,"Ginlong Technologies Co., Ltd.",Solis-50K-US-F-LSW,480V,N,N,Y,49.916,480
solar,"Ginlong Technologies Co., Ltd.",Solis-50K-US-LSW,480V,N,N,Y,49.984,480
solar,"Ginlong Technologies Co., Ltd.",Solis-50K-US,480V,N,N,Y,50,480
solar,"Ginlong Technologies Co., Ltd.",Solis-50K-US-F,480V,N,N,Y,50,480
solar,"Ginlong Technologies Co., Ltd.",Solis-50K-US-F-SW,480V,N,N,Y,50,480
solar,"Ginlong Technologies Co., Ltd.",Solis-50K-US-SW,480V,N,N,Y,50,480
solar,"Ginlong Technologies Co., Ltd.",S6-EH3P60K04-NV-YD-H-US,480V,Y,Y,N,59.709794,480
solar,"Ginlong Technologies Co., Ltd.",S6-EH3P60K04-NV-YD-H-US(21A),480V,Y,Y,N,59.763,480
solar,"Ginlong Technologies Co., Ltd.",S6-GC60K-US,480V,N,Y,Y,59.898,480
solar,"Ginlong Technologies Co., Ltd.",Solis-60K-US-F-LSW,480V,N,N,Y,59.933,480
solar,"Ginlong Technologies Co., Ltd.",S5-GC60K-LV-US,208V,N,Y,Y,59.996,208
solar,"Ginlong Technologies Co., Ltd.",S5-GC60K-LV-US,240V,N,Y,Y,59.996,240
solar,"Ginlong Technologies Co., Ltd.",Solis-60K-US-F,480V,N,N,Y,60,480
solar,"Ginlong Technologies Co., Ltd.",Solis-60K-US-F-SW,480V,N,N,Y,60,480
solar,"Ginlong Technologies Co., Ltd.",Solis-66K-US-F-LSW,480V,N,N,Y,65.926,480
solar,"Ginlong Technologies Co., Ltd.",Solis-66K-US-F,480V,N,N,Y,66,480
solar,"Ginlong Technologies Co., Ltd.",Solis-66K-US-F-SW,480V,N,N,Y,66,480
solar,"Ginlong Technologies Co., Ltd.",S6-EH3P75K10-LV-YD-H-US,208V,Y,Y,N,70.042,208
solar,"Ginlong Technologies Co., Ltd.",S5-GC75K-US,480V,N,Y,Y,74.574,480
solar,"Ginlong Technologies Co., Ltd.",S6-EH3P75K10-LV-YD-H-US,240V,Y,Y,N,74.94,240
solar,"Ginlong Technologies Co., Ltd.",Solis-75K-5G-US,480V,N,N,Y,75,480
solar,"Ginlong Technologies Co., Ltd.",S5-GC80K-US,480V,N,Y,Y,79.446,480
solar,"Ginlong Technologies Co., Ltd.",Solis-80K-5G-US,480V,N,N,Y,80,480
solar,"Ginlong Technologies Co., Ltd.",S5-GC90K-US,480V,N,Y,Y,89.449,480
solar,"Ginlong Technologies Co., Ltd.",Solis-90K-5G-US,480V,N,N,Y,90,480
solar,"Ginlong Technologies Co., Ltd.",S5-GC100K-US,480V,N,Y,Y,99.368,480
solar,"Ginlong Technologies Co., Ltd.",S6-EH3P100K10-NV-YD-H-US,480V,Y,Y,N,99.945,480
solar,"Ginlong Technologies Co., Ltd.",Solis-100K-5G-US,480V,N,N,Y,100,480
solar,"Ginlong Technologies Co., Ltd.",Solis-100K-EHV-5G,600V,N,N,Y,100,600
solar,"Ginlong Technologies Co., Ltd.",S6-EH3P125K10-NV-YD-H-US,480V,Y,Y,N,124.925,480
solar,"Ginlong Technologies Co., Ltd.",S5-GC125K-US,480V,N,Y,Y,124.991,480
solar,"Ginlong Technologies Co., Ltd.",Solis-125K-EHV-5G,600V,N,N,Y,125,600
solar,"Ginlong Technologies Co., Ltd.",Solis-125K1-EHV-5G,600V,N,N,Y,125.083,600
solar,"Ginlong Technologies Co., Ltd.",Solis-125K-EHV-5G-US-PLUS,600V,N,Y,Y,136.724,600
solar,"Ginlong Technologies Co., Ltd.",S6-EH3P150K10-NV-YD-H-US,480V,Y,Y,N,149.923,480
solar,"Ginlong Technologies Co., Ltd.",Solis-185K-EHV-5G-US-PLUS,600V,N,Y,Y,172.987,600
solar,"Ginlong Technologies Co., Ltd.",Solis-185K-EHV-5G-US,600V,N,N,Y,185.005,600
solar,"Ginlong Technologies Co., Ltd.",Solis-255K-EHV-5G-US-PLUS,800V,N,Y,Y,238.706,800
solar,"Ginlong Technologies Co., Ltd.",S6-GU250K-EHV-US-M12,600V,N,Y,N,248.751,600
solar,"Ginlong Technologies Co., Ltd.",Solis-255K-EHV-5G-US,800V,N,N,Y,255.013,800
solar,"Ginlong Technologies Co., Ltd.",S6-GU350K-EHV-US-M12,800V,N,Y,Y,348.153,800
solar,"Ginlong Technologies Co., Ltd.",S6-GU350K-EHV-US-M16,800V,N,Y,Y,348.488,800
solar,Global Tech China Ltd.,SSM-6.0-SPHYB-UL,208V,Y,Y,N,6.124,208
solar,Global Tech China Ltd.,SSM-6.0-SPHYB-UL,240V,Y,Y,N,6.149,240
solar,Global Tech China Ltd.,SSM-7.6-SPHYB-UL,240V,Y,Y,N,7.6472,240
solar,Global Tech China Ltd.,SSM-7.6-SPHYB-UL,208V,Y,Y,N,7.648,208
solar,Global Tech China Ltd.,SSM-11.4-SPHYB-UL,240V,Y,Y,N,10.14,240
solar,Global Tech China Ltd.,SSM-11.4-SPHYB-UL,208V,Y,Y,N,10.186,208
solar,"GoodWe Technologies Co., Ltd.",GEP5.0-1-US30,208V,N,Y,N,4.339,208
solar,"GoodWe Technologies Co., Ltd.",GW5000-MS-US30,208V,N,Y,N,4.339,208
solar,"GoodWe Technologies Co., Ltd.",GEP5.0-1-US30,240V,N,Y,N,4.968,240
solar,"GoodWe Technologies Co., Ltd.",GW5000-MS-US30,240V,N,Y,N,4.968,240
solar,"GoodWe Technologies Co., Ltd.",GW5000H-ES,240V,Y,Y,Y,4.989,240
solar,"GoodWe Technologies Co., Ltd.",GEH5.0-1U-US20,240V,Y,Y,N,5.0047,240
solar,"GoodWe Technologies Co., Ltd.",GW5000-ES-US20,240V,Y,Y,N,5.0047,240
solar,"GoodWe Technologies Co., Ltd.",GEH5.0-1U-US10,240V,Y,Y,Y,5.0675,240
solar,"GoodWe Technologies Co., Ltd.",GW5000A-ES,240V,Y,Y,Y,5.0675,240
solar,"GoodWe Technologies Co., Ltd.",GW5000A-MS,240V,N,Y,Y,5.0675,240
solar,"GoodWe Technologies Co., Ltd.",GW5000A-MS,208V,N,Y,Y,5.133,208
solar,"GoodWe Technologies Co., Ltd.",GEP6.0-1-US30,208V,N,Y,N,5.208,208
solar,"GoodWe Technologies Co., Ltd.",GW6000-MS-US30,208V,N,Y,N,5.208,208
solar,"GoodWe Technologies Co., Ltd.",GEH6.0-1U-US20,240V,Y,Y,N,5.9973,240
solar,"GoodWe Technologies Co., Ltd.",GW6000-ES-US20,240V,Y,Y,N,5.9973,240
solar,"GoodWe Technologies Co., Ltd.",GEP6.0-1-US30,240V,N,Y,N,5.998,240
solar,"GoodWe Technologies Co., Ltd.",GW6000-MS-US30,240V,N,Y,N,5.998,240
solar,"GoodWe Technologies Co., Ltd.",GEH6.0-1U-US10,240V,Y,Y,Y,6.109,240
solar,"GoodWe Technologies Co., Ltd.",GW6000A-ES,240V,Y,Y,Y,6.109,240
solar,"GoodWe Technologies Co., Ltd.",GW6000A-MS,240V,N,Y,Y,6.109,240
solar,"GoodWe Technologies Co., Ltd.",GW6000A-MS,208V,N,Y,Y,6.138,208
solar,"GoodWe Technologies Co., Ltd.",GEP7.6-1-US30,208V,N,Y,N,6.589,208
solar,"GoodWe Technologies Co., Ltd.",GW7600-MS-US30,208V,N,Y,N,6.589,208
solar,"GoodWe Technologies Co., Ltd.",GEP7.7-1-US30,208V,N,Y,N,6.63,208
solar,"GoodWe Technologies Co., Ltd.",GW7700-MS-US30,208V,N,Y,N,6.63,208
solar,"GoodWe Technologies Co., Ltd.",GW7000A-MS,208V,N,Y,Y,7.007,208
solar,"GoodWe Technologies Co., Ltd.",GEH7.0-1U-US10,240V,Y,Y,Y,7.057,240
solar,"GoodWe Technologies Co., Ltd.",GW7000A-ES,240V,Y,Y,Y,7.057,240
solar,"GoodWe Technologies Co., Ltd.",GW7000A-MS,240V,N,Y,Y,7.057,240
solar,"GoodWe Technologies Co., Ltd.",GEH7.6-1U-US20,240V,Y,Y,N,7.5882,240
solar,"GoodWe Technologies Co., Ltd.",GW7600-ES-US20,240V,Y,Y,N,7.5882,240
solar,"GoodWe Technologies Co., Ltd.",GEP7.6-1-US30,240V,N,Y,N,7.589,240
solar,"GoodWe Technologies Co., Ltd.",GW7600-MS-US30,240V,N,Y,N,7.589,240
solar,"GoodWe Technologies Co., Ltd.",GW7600A-MS,208V,N,Y,Y,7.61,208
solar,"GoodWe Technologies Co., Ltd.",GEH7.6-1U-US10,240V,Y,Y,Y,7.644,240
solar,"GoodWe Technologies Co., Ltd.",GW7600A-ES,240V,Y,Y,Y,7.644,240
solar,"GoodWe Technologies Co., Ltd.",GW7600A-MS,240V,N,Y,Y,7.644,240
solar,"GoodWe Technologies Co., Ltd.",GEP7.7-1-US30,240V,N,Y,N,7.678,240
solar,"GoodWe Technologies Co., Ltd.",GW7700-MS-US30,240V,N,Y,N,7.678,240
solar,"GoodWe Technologies Co., Ltd.",GEP9.6-1-US30,208V,N,Y,N,8.301,208
solar,"GoodWe Technologies Co., Ltd.",GW9600-MS-US30,208V,N,Y,N,8.301,208
solar,"GoodWe Technologies Co., Ltd.",GW8600A-MS,208V,N,Y,Y,8.612,208
solar,"GoodWe Technologies Co., Ltd.",GEH8.6-1U-US10,240V,Y,Y,Y,8.614,240
solar,"GoodWe Technologies Co., Ltd.",GW8600A-ES,240V,Y,Y,Y,8.614,240
solar,"GoodWe Technologies Co., Ltd.",GW8600A-MS,240V,N,Y,Y,8.614,240
solar,"GoodWe Technologies Co., Ltd.",GEP9.6-1-US30,240V,N,Y,N,9.566,240
solar,"GoodWe Technologies Co., Ltd.",GW9600-MS-US30,240V,N,Y,N,9.566,240
solar,"GoodWe Technologies Co., Ltd.",GEH9.6-1U-US20,240V,Y,Y,N,9.586200000000002,240
solar,"GoodWe Technologies Co., Ltd.",GW9600-ES-US20,240V,Y,Y,N,9.586200000000002,240
solar,"GoodWe Technologies Co., Ltd.",GEH9.6-1U-US10,240V,Y,Y,Y,9.628,240
solar,"GoodWe Technologies Co., Ltd.",GW9600A-ES,240V,Y,Y,Y,9.628,240
solar,"GoodWe Technologies Co., Ltd.",GW9600A-MS,208V,N,Y,Y,9.628,208
solar,"GoodWe Technologies Co., Ltd.",GW9600A-MS,240V,N,Y,Y,9.628,240
solar,"GoodWe Technologies Co., Ltd.",GW9600H-ES,240V,Y,Y,Y,9.628,240
solar,"GoodWe Technologies Co., Ltd.",GEP11.4-1-US30,208V,N,Y,N,9.8814,208
solar,"GoodWe Technologies Co., Ltd.",GW11K4-MS-US30,208V,N,Y,N,9.8814,208
solar,"GoodWe Technologies Co., Ltd.",GEH11.4-1U-US20,240V,Y,Y,N,11.379299999999999,240
solar,"GoodWe Technologies Co., Ltd.",GW11K4-ES-US20,240V,Y,Y,N,11.379299999999999,240
solar,"GoodWe Technologies Co., Ltd.",GEP11.4-1-US30,240V,N,Y,N,11.39703,240
solar,"GoodWe Technologies Co., Ltd.",GW11K4-MS-US30,240V,N,Y,N,11.39703,240
solar,"GoodWe Technologies Co., Ltd.",GW22KLV-SMT-US,208V,N,Y,N,22.1588,208
solar,"GoodWe Technologies Co., Ltd.",GW22KLV-SMT-US,240V,N,Y,N,25.002,240
solar,"GoodWe Technologies Co., Ltd.",GW28KLV-SMT-US,208V,N,Y,N,28.1868,208
solar,"GoodWe Technologies Co., Ltd.",GW28KLV-SMT-US,240V,N,Y,N,32.1452,240
solar,"GoodWe Technologies Co., Ltd.",GW50K-SMT-US,480V,N,Y,N,51.252,480
solar,"GoodWe Technologies Co., Ltd.",GW60K-SMT-US,480V,N,Y,N,61.469,480
solar,"Green Solutions (Chengdu) Co., Ltd",H12K-US,208V,Y,Y,N,10.49,208
solar,"Green Solutions (Chengdu) Co., Ltd",H12K-US,240V,Y,Y,N,11.93,240
solar,"Guangzhou Sanjing Electric Co., Ltd.",H2-5K-LS3-US,208V,Y,Y,N,4.363,208
solar,"Guangzhou Sanjing Electric Co., Ltd.",H2-5K-LS3-US,240V,Y,Y,N,5.067,240
solar,"Guangzhou Sanjing Electric Co., Ltd.",H2-7.6K-S3-US,208V,Y,Y ,N,6.605,208
solar,"Guangzhou Sanjing Electric Co., Ltd.",H2-7.6K-LS3-US,208V,Y,Y,N,6.609,208
solar,"Guangzhou Sanjing Electric Co., Ltd.",H2-7.6K-S3-US,240V,Y,Y ,N,7.606,240
solar,"Guangzhou Sanjing Electric Co., Ltd.",H2-7.6K-LS3-US,240V,Y,Y,N,7.61,240
solar,"Guangzhou Sanjing Electric Co., Ltd.",H2-9.6K-LS4-US,208V,Y,Y,N,8.316,208
solar,"Guangzhou Sanjing Electric Co., Ltd.",H2-10K-S4-US,208V,Y,Y ,N,8.798,208
solar,"Guangzhou Sanjing Electric Co., Ltd.",H2-9.6K-LS4-US,240V,Y,Y,N,9.605,240
solar,"Guangzhou Sanjing Electric Co., Ltd.",H2-11.4K-LS4-US,208V,Y,Y,N,9.881,208
solar,"Guangzhou Sanjing Electric Co., Ltd.",H2-10K-S4-US,240V,Y,Y ,N,10.089,240
solar,"Guangzhou Sanjing Electric Co., Ltd.",H2-12K-S4-US,208V,Y,Y ,N,10.417,208
solar,"Guangzhou Sanjing Electric Co., Ltd.",H2-11.4K-LS4-US,240V,Y,Y,N,11.298,240
solar,"Guangzhou Sanjing Electric Co., Ltd.",H2-12K-S4-US,240V,Y,Y ,N,12.034,240
solar,Gwatt Innovations Ltd,GLADE RM-900M-X,240V,N,Y,Y,0.45,240
solar,Gwatt Innovations Ltd,GLADE RM-450M-X,240V,N,Y,Y,0.903,240
solar,HiQ Solar,TSXL480-10k,480V,N,N,Y,9.975,480
solar,Holu Hou Energy LLC,HH9600H-HI,240V,Y,N,Y,9.628,240
solar,"Hongyibo New Energy Technology (Shenzhen) Co., Ltd.",PCSR5KLNA,240V,Y,Y,Y,5.089666,240
solar,"Hongyibo New Energy Technology (Shenzhen) Co., Ltd.",PCSR6KLNA,240V,Y,Y,Y,6.117182,240
solar,"Hongyibo New Energy Technology (Shenzhen) Co., Ltd.",PCSR7K6LNA,240V,Y,Y,Y,7.76472,240
solar,"Hongyibo New Energy Technology (Shenzhen) Co., Ltd.",PCSR8KLNA,240V,Y,Y,Y,8.08416,240
solar,"Hongyibo New Energy Technology (Shenzhen) Co., Ltd.",PCSR10KLNA,240V,Y,Y,Y,10.17666,240
solar,Hoymiles Power Electronics Inc.,HM-300N,240V,N,Y,Y,0.295418,240
solar,Hoymiles Power Electronics Inc.,HM-300NT,240V,N,Y,Y,0.295418,240
solar,Hoymiles Power Electronics Inc.,HM-300NA,240V,N,N,Y,0.29542,240
solar,Hoymiles Power Electronics Inc.,HMS-300-1A-NA,240V,N,N,Y,0.29542,240
solar,Hoymiles Power Electronics Inc.,HMS-300-1D-NA,240V,N,N,Y,0.29542,240
solar,Hoymiles Power Electronics Inc.,HMS-300-1T-NA,240V,N,N,Y,0.29542,240
solar,Hoymiles Power Electronics Inc.,HMS-350-1A-NA,240V,N,Y,Y,0.3217956,240
solar,Hoymiles Power Electronics Inc.,HMS-350-1T-NA,240V,N,Y,Y,0.3217956,240
solar,Hoymiles Power Electronics Inc.,MIS-350-1A-NA,240V,N,Y,N,0.33028599999999997,240
solar,Hoymiles Power Electronics Inc.,MIS-350-1NA,240V,N,Y,N,0.33028599999999997,240
solar,Hoymiles Power Electronics Inc.,HM-350N,240V,N,Y,Y,0.349496,240
solar,Hoymiles Power Electronics Inc.,HM-350NT,240V,N,Y,Y,0.349496,240
solar,Hoymiles Power Electronics Inc.,HM-350NA,240V,N,N,Y,0.3495,240
solar,Hoymiles Power Electronics Inc.,HMS-350-1D-NA,240V,N,N,Y,0.3495,240
solar,Hoymiles Power Electronics Inc.,HMS-400-1A-NA,240V,N,Y,Y,0.36179560000000005,240
solar,Hoymiles Power Electronics Inc.,HMS-400-1T-NA,240V,N,Y,Y,0.36179560000000005,240
solar,Hoymiles Power Electronics Inc.,HMS-360-1WM-LV,120V,N,Y,N,0.366,120
solar,Hoymiles Power Electronics Inc.,MIS-400-1A-NA,240V,N,Y,N,0.367634,240
solar,Hoymiles Power Electronics Inc.,MIS-400-1NA,240V,N,Y,N,0.367634,240
solar,Hoymiles Power Electronics Inc.,HM-400NA,240V,N,N,Y,0.38254,240
solar,Hoymiles Power Electronics Inc.,HMS-400-1D-NA,240V,N,N,Y,0.38254,240
solar,Hoymiles Power Electronics Inc.,HM-400N,240V,N,Y,Y,0.382542,240
solar,Hoymiles Power Electronics Inc.,HM-400NT,240V,N,Y,Y,0.382542,240
solar,Hoymiles Power Electronics Inc.,HM-400N,208V,N,Y,N,0.387262,208
solar,Hoymiles Power Electronics Inc.,HM-400NT,208V,N,Y,N,0.387262,208
solar,Hoymiles Power Electronics Inc.,HMS-391-1WM-LV,120V,N,Y,N,0.398,120
solar,Hoymiles Power Electronics Inc.,HMS-450-1A-NA,240V,N,Y,N,0.41127880000000006,240
solar,Hoymiles Power Electronics Inc.,HMS-450-1T-NA,240V,N,Y,N,0.41127880000000006,240
solar,Hoymiles Power Electronics Inc.,MIS-450-1A-NA,240V,N,Y,N,0.42088,240
solar,Hoymiles Power Electronics Inc.,MIS-450-1NA,240V,N,Y,N,0.42088,240
solar,Hoymiles Power Electronics Inc.,HMS-420-1WM-LV,120V,N,Y,N,0.427,120
solar,Hoymiles Power Electronics Inc.,HMS-500-1A-NA,240V,N,Y,N,0.4761608,240
solar,Hoymiles Power Electronics Inc.,HMS-500-1T-NA,240V,N,Y,N,0.4761608,240
solar,Hoymiles Power Electronics Inc.,MIS-500-1A-NA,240V,N,Y,N,0.47636,240
solar,Hoymiles Power Electronics Inc.,MIS-500-1NA,240V,N,Y,N,0.47636,240
solar,Hoymiles Power Electronics Inc.,MIS-500-1A-NA,208V,N,Y,N,0.4795559999999999,208
solar,Hoymiles Power Electronics Inc.,MIS-500-1NA,208V,N,Y,N,0.4795559999999999,208
solar,Hoymiles Power Electronics Inc.,HM-600N,240V,N,Y,Y,0.591,240
solar,Hoymiles Power Electronics Inc.,HM-600NT,240V,N,Y,Y,0.591,240
solar,Hoymiles Power Electronics Inc.,HMS-600-2D-NA,240V,N,N,Y,0.591,240
solar,Hoymiles Power Electronics Inc.,HMS-600-2T-NA,240V,N,N,Y,0.591,240
solar,Hoymiles Power Electronics Inc.,HMS-700-2T-NA,240V,N,Y,Y,0.6422005999999999,240
solar,Hoymiles Power Electronics Inc.,MIS-700-2NA,240V,N,Y,N,0.64712,240
solar,Hoymiles Power Electronics Inc.,HM-700N,240V,N,Y,Y,0.697,240
solar,Hoymiles Power Electronics Inc.,HM-700NT,240V,N,Y,Y,0.697,240
solar,Hoymiles Power Electronics Inc.,HMS-700-2D-NA,240V,N,N,Y,0.697,240
solar,Hoymiles Power Electronics Inc.,HMS-800-2T-NA,240V,N,Y,Y,0.726203,240
solar,Hoymiles Power Electronics Inc.,MIS-800-2NA,240V,N,Y,N,0.7295799999999999,240
solar,Hoymiles Power Electronics Inc.,HM-800N,208V,N,Y,N,0.767,208
solar,Hoymiles Power Electronics Inc.,HM-800N,240V,N,Y,Y,0.767,240
solar,Hoymiles Power Electronics Inc.,HM-800NT,208V,N,Y,N,0.767,208
solar,Hoymiles Power Electronics Inc.,HM-800NT,240V,N,Y,Y,0.767,240
solar,Hoymiles Power Electronics Inc.,HMS-800-2D-NA,240V,N,N,Y,0.767,240
solar,Hoymiles Power Electronics Inc.,HMS-900-2T-NA,240V,N,Y,N,0.827311,240
solar,Hoymiles Power Electronics Inc.,MIS-900-2NA,240V,N,Y,N,0.8297800000000001,240
solar,Hoymiles Power Electronics Inc.,MIS-1000-2NA,208V,N,Y,N,0.9609399999999999,208
solar,Hoymiles Power Electronics Inc.,MIS-1000-2NA,240V,N,Y,N,0.96476,240
solar,Hoymiles Power Electronics Inc.,HMS-1000-2T-NA,208V,N,Y,N,0.9652078,208
solar,Hoymiles Power Electronics Inc.,HMS-1000-2T-NA,240V,N,Y,N,0.967,240
solar,Hoymiles Power Electronics Inc.,HM-1000N,240V,N,N,Y,0.985,240
solar,Hoymiles Power Electronics Inc.,HM-1000NT,240V,N,N,Y,0.985,240
solar,Hoymiles Power Electronics Inc.,HMS-1000-4D-NA,240V,N,N,Y,0.985,240
solar,Hoymiles Power Electronics Inc.,HMS-1000-4T-NA,240V,N,N,Y,0.985,240
solar,Hoymiles Power Electronics Inc.,HM-1000,240V,N,N,Y,1.032,240
solar,Hoymiles Power Electronics Inc.,HM-1000T,240V,N,N,Y,1.032,240
solar,Hoymiles Power Electronics Inc.,HMS-1000-4D,240V,N,N,Y,1.032,240
solar,Hoymiles Power Electronics Inc.,HMS-1000-4T,240V,N,N,Y,1.032,240
solar,Hoymiles Power Electronics Inc.,HM-1200,240V,N,N,Y,1.213,240
solar,Hoymiles Power Electronics Inc.,HM-1200N,240V,N,Y,Y,1.213,240
solar,Hoymiles Power Electronics Inc.,HM-1200NT,240V,N,Y,Y,1.213,240
solar,Hoymiles Power Electronics Inc.,HM-1200T,240V,N,N,Y,1.213,240
solar,Hoymiles Power Electronics Inc.,HMS-1200-4D,240V,N,N,Y,1.213,240
solar,Hoymiles Power Electronics Inc.,HMS-1200-4D-NA,240V,N,N,Y,1.213,240
solar,Hoymiles Power Electronics Inc.,HMS-1200-4T,240V,N,N,Y,1.213,240
solar,Hoymiles Power Electronics Inc.,HMS-1200-4T-NA,240V,N,N,Y,1.213,240
solar,Hoymiles Power Electronics Inc.,HMT-1600-4T-208-NA,208V,N,Y,N,1.438,208
solar,Hoymiles Power Electronics Inc.,HM-1500N,240V,N,Y,Y,1.439,240
solar,Hoymiles Power Electronics Inc.,HM-1500NT,240V,N,Y,Y,1.439,240
solar,Hoymiles Power Electronics Inc.,HMS-1500-4D-NA,240V,N,N,Y,1.439,240
solar,Hoymiles Power Electronics Inc.,HMS-1500-4T-NA,240V,N,N,Y,1.439,240
solar,Hoymiles Power Electronics Inc.,HM-1500N,208V,N,Y,N,1.44,208
solar,Hoymiles Power Electronics Inc.,HM-1500NT,208V,N,Y,N,1.44,208
solar,Hoymiles Power Electronics Inc.,HMS-1600-4T-NA,240V,N,Y,N,1.447,240
solar,Hoymiles Power Electronics Inc.,HM-1500,240V,N,N,Y,1.551,240
solar,Hoymiles Power Electronics Inc.,HM-1500T,240V,N,N,Y,1.551,240
solar,Hoymiles Power Electronics Inc.,HMS-1500-4D,240V,N,N,Y,1.551,240
solar,Hoymiles Power Electronics Inc.,HMS-1500-4T,240V,N,N,Y,1.551,240
solar,Hoymiles Power Electronics Inc.,THM-1500,240V,N,N,Y,1.551,240
solar,Hoymiles Power Electronics Inc.,HMS-1800-4T-NA,240V,N,Y,N,1.668,240
solar,Hoymiles Power Electronics Inc.,HMT-1800-4T-208-NA,208V,N,Y,N,1.726,208
solar,Hoymiles Power Electronics Inc.,HMT-2000-4T-208-NA,208V,N,Y,N,1.919,208
solar,Hoymiles Power Electronics Inc.,HMS-2000-4T-NA,208V,N,Y,N,1.926,208
solar,Hoymiles Power Electronics Inc.,HMS-2000-4T-NA,240V,N,Y,N,1.928,240
solar,Hoymiles Power Electronics Inc.,HYS-3.8LV-USG1,240V,Y,Y,N,3.796,240
solar,Hoymiles Power Electronics Inc.,HYS-4.8LV-USG1,240V,Y,Y,N,4.793,240
solar,Hoymiles Power Electronics Inc.,HYS-6.0LV-USG1,240V,Y,Y,N,5.995,240
solar,Hoymiles Power Electronics Inc.,HYS-7.6LV-USG1,240V,Y,Y,N,7.708,240
solar,Hoymiles Power Electronics Inc.,HYS-9.6LV-USG1,240V,Y,Y,N,9.641,240
solar,Hoymiles Power Electronics Inc.,HYS-11.5LV-USG1,240V,Y,Y,N,11.575,240
solar,"Huawei Technologies Co., Ltd.",SUN2000-3.8KTL-USL0,240V,N,N,Y,3.8,240
solar,"Huawei Technologies Co., Ltd.",SUN2000-5KTL-USL0,240V,N,N,Y,5,240
solar,"Huawei Technologies Co., Ltd.",SUN2000-7.6KTL-USL0,240V,N,N,Y,7.6,240
solar,"Huawei Technologies Co., Ltd.",SUN2000-9KTL-USL0,240V,N,N,Y,9,240
solar,"Huawei Technologies Co., Ltd.",SUN2000-10KTL-USL0,240V,N,N,Y,10,240
solar,"Huawei Technologies Co., Ltd.",SUN2000-11.4KTL-USL0,240V,N,N,Y,11.4,240
solar,"Huawei Technologies Co., Ltd.",SUN2000-25KTL-US,480V,N,N,Y,25,480
solar,"Huawei Technologies Co., Ltd.",SUN2000-30KTL-US,480V,N,N,Y,30,480
solar,"Huawei Technologies Co., Ltd.",SUN2000-33KTL-US,480V,N,N,Y,33,480
solar,"Huawei Technologies Co., Ltd.",SUN2000-36KTL-US,480V,N,N,Y,36,480
solar,"Huawei Technologies Co., Ltd.",SUN2000-40KTL-US,480V,N,N,Y,40,480
solar,"Huawei Technologies Co., Ltd.",SUN2000-45KTL-US-HV-D0,600V,N,N,Y,45.207,600
solar,"Huawei Technologies Co., Ltd.",SUN2000-100KTL-USH0,800V,N,N,Y,100,800
solar,"Huizhou Roypow Technology Co., Ltd",SUN10000S-U,240V,Y,Y,N,10.111,240
solar,"Huizhou Roypow Technology Co., Ltd",SUN12000S-U,240V,Y,Y,N,12.079,240
solar,"Huizhou Roypow Technology Co., Ltd",SUN15000S-U,240V,Y,Y,N,14.987,240
solar,Hyperian Energy Inc.,ST2-76i,240V,Y,Y,N,7.581,240
solar,Hyperian Energy Inc.,ST2-96i,240V,Y,Y,N,9.573,240
solar,Hyperian Energy Inc.,ST2-100i,240V,Y,Y,N,9.956,240
solar,Hyperian Energy Inc.,ST2-114i,240V,Y,Y,N,11.371,240
solar,Hyperian Energy Inc.,ST2-120i,240V,Y,Y,N,11.968,240
solar,INGETEAM POWER TECHNOLOGY S.A.,INGECON SUN 610TL U B220,220V,Y,N,Y,610,220
solar,INGETEAM POWER TECHNOLOGY S.A.,INGECON SUN 830TL U B300,300V,Y,N,Y,830,300
solar,INGETEAM POWER TECHNOLOGY S.A.,INGECON SUN 915TL U B330,330V,Y,N,Y,915,330
solar,INGETEAM POWER TECHNOLOGY S.A.,INGECON SUN 1000TL U B360,360V,Y,N,Y,1000,360
solar,INGETEAM POWER TECHNOLOGY S.A.,INGECON SUN 1140TL U B410,410V,Y,N,Y,1027.752,410
solar,INGETEAM POWER TECHNOLOGY S.A.,INGECON SUN 1245TL U B480,480V,Y,N,Y,1042.22,480
solar,INGETEAM POWER TECHNOLOGY S.A.,INGECON SUN 1190TL U B430,430V,Y,N,Y,1048.594,430
solar,INGETEAM POWER TECHNOLOGY S.A.,INGECON SUN 1220TL U B440,440V,Y,N,Y,1099.306,440
solar,INGETEAM POWER TECHNOLOGY S.A.,INGECON SUN 1110TL U B400,400V,Y,N,Y,1110,400
solar,INGETEAM POWER TECHNOLOGY S.A.,INGECON SUN 1250TL U B450,450V,Y,N,Y,1114.104,450
solar,INGETEAM POWER TECHNOLOGY S.A.,INGECON SUN 1275TL U B460,460V,Y,N,Y,1128.476,460
solar,INGETEAM POWER TECHNOLOGY S.A.,INGECON SUN 1165TL U B420,420V,Y,N,Y,1165,420
solar,INGETEAM POWER TECHNOLOGY S.A.,INGECON SUN 1740TL U B670,670V,Y,N,Y,1272.412,670
solar,INGETEAM POWER TECHNOLOGY S.A.,INGECON SUN 1800TL U B690,690V,Y,N,Y,1300.644,690
solar,INGETEAM POWER TECHNOLOGY S.A.,INGECON SUN 1665TL U B640,640V,Y,N,Y,1367.076,640
solar,INGETEAM POWER TECHNOLOGY S.A.,INGECON SUN 1690TL U B650,650V,Y,N,Y,1375.282,650
solar,INGETEAM POWER TECHNOLOGY S.A.,INGECON SUN 1715TL U B660,660V,Y,N,Y,1390.614,660
solar,INGETEAM POWER TECHNOLOGY S.A.,INGECON SUN 3825TL U C600,600V,N,Y,N,3095.3,600
solar,INGETEAM POWER TECHNOLOGY S.A.,INGECON SUN 3825TL U C615,615V,N,Y,N,3219.88,615
solar,INGETEAM POWER TECHNOLOGY S.A.,INGECON SUN 3825TL U C630,630V,N,Y,N,3239.42,630
solar,INGETEAM POWER TECHNOLOGY S.A.,INGECON SUN 3825TL U C645,645V,N,Y,N,3304.62,645
solar,INGETEAM POWER TECHNOLOGY S.A.,INGECON SUN 3825TL U C660,660V,N,Y,N,3377.6,660
solar,INGETEAM POWER TECHNOLOGY S.A.,INGECON SUN 3825TL U C675,675V,N,Y,N,3452.7,675
solar,INGETEAM POWER TECHNOLOGY S.A.,INGECON SUN 3825TL U C690,690V,N,Y,N,3535.56,690
solar,Jackery Inc.,GVI-HR-7K6-USG,240V,Y,Y,N,7.394,240
solar,Jackery Inc.,GVI-HR-11K4-USG,240V,Y,Y,N,11.084,240
solar,"Jiangsu RCT Power Energy Technology Co., Ltd",Power Storage DC US-8.0,208V,Y,Y,Y,7.015,208
solar,"Jiangsu RCT Power Energy Technology Co., Ltd",Power Storage DC US-8.0 PRO,208V,Y,Y,Y,7.015,208
solar,"Jiangsu RCT Power Energy Technology Co., Ltd",Power Storage DC US-8.0,240V,Y,Y,Y,8.0322,240
solar,"Jiangsu RCT Power Energy Technology Co., Ltd",Power Storage DC US-8.0 PRO,240V,Y,Y,Y,8.0322,240
solar,"Jiangsu Weiheng Intelligent Technology Co., Ltd.",SHD-7.6kW,240V,Y,Y,N,7.572,240
solar,"Jiangsu Weiheng Intelligent Technology Co., Ltd.",SHD-9.6kW,240V,Y,Y,N,9.66,240
solar,"Jiangsu Weiheng Intelligent Technology Co., Ltd.",SHD-11.4kW,240V,Y,Y,N,11.257,240
solar,"Jinko Solar Co., Ltd",JKS-R-7P12-US,240V,Y,Y,Y,7.604,240
solar,"Jinko Solar Co., Ltd",JKS-R-11P12-US,240V,Y,Y,Y,11.406,240
solar,KACO new energy GmbH,KACO blueplanet 110 TL3 M1 WM OD IIK0,480V,N,N,Y,109.765,480
solar,KACO new energy GmbH,KACO blueplanet 110 TL3 M1 WM OD IIKX,480V,N,N,Y,109.765,480
solar,KACO new energy GmbH,KACO blueplanet 125 TL3 M1 WM OD IIP0,600V,N,N,Y,138.663,600
solar,KACO new energy GmbH,KACO blueplanet 125 TL3 M1 WM OD IIPX,600V,N,N,Y,138.663,600
solar,KACO new energy GmbH,KACO blueplanet 137 TL3 M1 WM OD IIP0,600V,N,N,Y,138.663,600
solar,KACO new energy GmbH,KACO blueplanet 137 TL3 M1 WM OD IIPX,600V,N,N,Y,138.663,600
solar,KACO new energy GmbH,KACO blueplanet 150 TL3 M1 WM OD IIQ0,660V,N,N,Y,151.228,660
solar,KACO new energy GmbH,KACO blueplanet 150 TL3 M1 WM OD IIQX,660V,N,N,Y,151.228,660
solar,"Kowint Energy (Shenzhen) Co., Ltd.",KSL-8KU-A,240V,Y,Y,Y,8.11097,240
solar,"Kowint Energy (Shenzhen) Co., Ltd.",KSL-8KU-B,240V,Y,Y,Y,8.180922,240
solar,"Kowint Energy (Shenzhen) Co., Ltd.",KSL-12KU-A,240V,Y,Y,Y,12.13712,240
solar,"Kowint Energy (Shenzhen) Co., Ltd.",KSL-12KU-B,240V,Y,Y,Y,12.21352,240
solar,"Kowint Energy (Shenzhen) Co., Ltd.",KSL-16KU-A,240V,Y,Y,Y,16.13092,240
solar,"Kowint Energy (Shenzhen) Co., Ltd.",KSL-16KU-B,240V,Y,Y,Y,16.19882,240
solar,"LeadSolar Energy Co., Ltd",LS600,240V,N,N,Y,0.5,240
solar,"LeadSolar Energy Co., Ltd",LS700S,208V,N,N,Y,0.606,208
solar,"LeadSolar Energy Co., Ltd",LS600X,240V,N,N,Y,0.708,240
solar,LG Electronics Inc.,LG315E1K-A5,208V,N,N,Y,0.28,208
solar,LG Electronics Inc.,LG315E1K-A5,240V,N,N,Y,0.28,240
solar,LG Electronics Inc.,LG320E1K-A5,208V,N,N,Y,0.28,208
solar,LG Electronics Inc.,LG320E1K-A5,240V,N,N,Y,0.28,240
solar,LG Electronics Inc.,LG325E1C-A5,208V,N,N,Y,0.28,208
solar,LG Electronics Inc.,LG325E1C-A5,240V,N,N,Y,0.28,240
solar,LG Electronics Inc.,LG325E1K-A5,208V,N,N,Y,0.28,208
solar,LG Electronics Inc.,LG325E1K-A5,240V,N,N,Y,0.28,240
solar,LG Electronics Inc.,LG330E1C-A5,208V,N,N,Y,0.28,208
solar,LG Electronics Inc.,LG330E1C-A5,240V,N,N,Y,0.28,240
solar,LG Electronics Inc.,LG335E1C-A5,208V,N,N,Y,0.28,208
solar,LG Electronics Inc.,LG335E1C-A5,240V,N,N,Y,0.28,240
solar,LG Electronics Inc.,LG355A1C-A5,208V,N,N,Y,0.32,208
solar,LG Electronics Inc.,LG355A1C-A5,240V,N,N,Y,0.32,240
solar,LG Electronics Inc.,LG360A1C-A5,208V,N,N,Y,0.32,208
solar,LG Electronics Inc.,LG360A1C-A5,240V,N,N,Y,0.32,240
solar,LG Electronics Inc.,LG365A1C-A5,208V,N,N,Y,0.32,208
solar,LG Electronics Inc.,LG365A1C-A5,240V,N,N,Y,0.32,240
solar,LG Electronics Inc.,LG370A1C-A5,208V,N,N,Y,0.32,208
solar,LG Electronics Inc.,LG370A1C-A5,240V,N,N,Y,0.32,240
solar,LG Electronics Inc.,LG340M1K-L5,240V,N,N,Y,0.321,240
solar,LG Electronics Inc.,LG345M1K-L5,240V,N,N,Y,0.321,240
solar,LG Electronics Inc.,LG350M1K-L5,240V,N,N,Y,0.321,240
solar,LG Electronics Inc.,LG355M1C-N5,240V,N,N,Y,0.321,240
solar,LG Electronics Inc.,LG355M1K-A6,240V,N,N,Y ,0.321,240
solar,LG Electronics Inc.,LG360A1K-V5,240V,N,N,Y,0.321,240
solar,LG Electronics Inc.,LG360M1C-N5,240V,N,N,Y,0.321,240
solar,LG Electronics Inc.,LG360M1K-A6,240V,N,N,Y ,0.321,240
solar,LG Electronics Inc.,LG365A1C-V5,240V,N,N,Y,0.321,240
solar,LG Electronics Inc.,LG365A1K-V5,240V,N,N,Y,0.321,240
solar,LG Electronics Inc.,LG365M1C-N5,240V,N,N,Y,0.321,240
solar,LG Electronics Inc.,LG365M1K-A6,240V,N,N,Y ,0.321,240
solar,LG Electronics Inc.,LG370A1C-V5,240V,N,N,Y,0.321,240
solar,LG Electronics Inc.,LG370M1C-N5,240V,N,N,Y,0.321,240
solar,LG Electronics Inc.,LG370M1K-A6,240V,N,N,Y ,0.321,240
solar,LG Electronics Inc.,LG375A1C-V5,240V,N,N,Y,0.321,240
solar,LG Electronics Inc.,LG375M1C-A6,240V,N,N,Y,0.321,240
solar,LG Electronics Inc.,LG375M1K-A6,240V,N,N,Y,0.321,240
solar,LG Electronics Inc.,LG380A1C-V5,240V,N,N,Y,0.321,240
solar,LG Electronics Inc.,LG380M1C-A6,240V,N,N,Y,0.321,240
solar,LG Electronics Inc.,LG380M1K-A6,240V,N,N,Y,0.321,240
solar,LG Electronics Inc.,LG385M1C-A6,240V,N,N,Y,0.321,240
solar,LG Electronics Inc.,LG395A1C-A6,240V,N,N,Y ,0.321,240
solar,LG Electronics Inc.,LG400A1C-A6,240V,N,N,Y ,0.321,240
solar,LG Electronics Inc.,LG405A1C-A6,240V,N,N,Y ,0.321,240
solar,LG Electronics Inc.,LM320UE-A2,240V,N,N,Y,0.321,240
solar,LG Electronics Inc.,LG340M1K-L5,208V,N,N,Y,0.322,208
solar,LG Electronics Inc.,LG345M1K-L5,208V,N,N,Y,0.322,208
solar,LG Electronics Inc.,LG350M1K-L5,208V,N,N,Y,0.322,208
solar,LG Electronics Inc.,LG355M1C-N5,208V,N,N,Y,0.322,208
solar,LG Electronics Inc.,LG355M1K-A6,208V,N,N,Y ,0.322,208
solar,LG Electronics Inc.,LG360A1K-V5,208V,N,N,Y,0.322,208
solar,LG Electronics Inc.,LG360M1C-N5,208V,N,N,Y,0.322,208
solar,LG Electronics Inc.,LG360M1K-A6,208V,N,N,Y ,0.322,208
solar,LG Electronics Inc.,LG365A1C-V5,208V,N,N,Y,0.322,208
solar,LG Electronics Inc.,LG365A1K-V5,208V,N,N,Y,0.322,208
solar,LG Electronics Inc.,LG365M1C-N5,208V,N,N,Y,0.322,208
solar,LG Electronics Inc.,LG365M1K-A6,208V,N,N,Y ,0.322,208
solar,LG Electronics Inc.,LG370A1C-V5,208V,N,N,Y,0.322,208
solar,LG Electronics Inc.,LG370M1C-N5,208V,N,N,Y,0.322,208
solar,LG Electronics Inc.,LG370M1K-A6,208V,N,N,Y ,0.322,208
solar,LG Electronics Inc.,LG375A1C-V5,208V,N,N,Y,0.322,208
solar,LG Electronics Inc.,LG375M1C-A6,208V,N,N,Y,0.322,208
solar,LG Electronics Inc.,LG375M1K-A6,208V,N,N,Y,0.322,208
solar,LG Electronics Inc.,LG380A1C-V5,208V,N,N,Y,0.322,208
solar,LG Electronics Inc.,LG380M1C-A6,208V,N,N,Y,0.322,208
solar,LG Electronics Inc.,LG380M1K-A6,208V,N,N,Y,0.322,208
solar,LG Electronics Inc.,LG385M1C-A6,208V,N,N,Y,0.322,208
solar,LG Electronics Inc.,LG395A1C-A6,208V,N,N,Y ,0.322,208
solar,LG Electronics Inc.,LG400A1C-A6,208V,N,N,Y ,0.322,208
solar,LG Electronics Inc.,LG405A1C-A6,208V,N,N,Y ,0.322,208
solar,LG Electronics Inc.,LM320UE-A2,208V,N,N,Y,0.322,208
solar,LG Electronics Inc.,D007KEEN261,208V,Y,N,Y,6.656,208
solar,LG Electronics Inc.,D007KEEN261,240V,Y,N,Y,7.68,240
solar,Liniotech Energy Inc.,LNT5K0228UL,208V,Y,Y,N,5.02,208
solar,Liniotech Energy Inc.,LNT5K0228UL,240V,Y,Y,N,5.04,240
solar,Liniotech Energy Inc.,LNT6K0228UL,208V,Y,Y,N,6.124,208
solar,Liniotech Energy Inc.,LNT6K0228UL,240V,Y,Y,N,6.149,240
solar,Liniotech Energy Inc.,LNT7K0228UL,240V,Y,Y,N,7.647,240
solar,Liniotech Energy Inc.,LNT7K0228UL,208V,Y,Y,N,7.648,208
solar,Liniotech Energy Inc.,LNT8K0228UL,240V,Y,Y,N,8.047,240
solar,Liniotech Energy Inc.,LNT8K0228UL,208V,Y,Y,N,8.06,208
solar,Liniotech Energy Inc.,LNT12K0228UL,240V,Y,Y,N,10.14,240
solar,Liniotech Energy Inc.,LNT10K0228UL,240V,Y,Y,N,10.147,240
solar,Liniotech Energy Inc.,LNT10K0228UL,208V,Y,Y,N,10.186,208
solar,Liniotech Energy Inc.,LNT12K0228UL,208V,Y,Y,N,10.186,208
solar,Lion Energy,#50170167 Sanctuary 8K,208V,Y,Y,Y,7.827,208
solar,Lion Energy,#50170167 Sanctuary 8K,240V,Y,Y,Y,7.898,240
solar,Lion Energy,#50170168,240V,Y,Y,Y,8.084,240
solar,Lion Energy,Lion Hybrid Inverter 12kW,240V,Y,Y,Y,8.084,240
solar,Lion Energy,Sanctuary 3 Inverter 12kW,240V,Y,Y,Y,8.181,240
solar,Lion Energy,Lion Hybrid Inverter 15kW,240V,Y,Y,Y,10.177,240
solar,Lion Energy,Sanctuary 3 Inverter 18kW,240V,Y,Y,Y,12.214,240
solar,Lion Energy,Sanctuary 3 Inverter 24kW,240V,Y,Y,Y,16.199,240
solar,Lite-On Technology Corporation,IN-HP5123US,120V,Y,Y,Y,9.018600000000001,120
solar,Lite-On Technology Corporation,IN-HP5123US,240V,Y,Y,Y,9.018600000000001,240
solar,Lite-On Technology Corporation,IN-HP5113US,240V,Y,Y,N,11.361,240
solar,"Lunar Energy, Inc.",10-005025,240V,Y,Y,N,9.675,240
solar,MANGO POWER TECH INC.,LBZ-PV-400,240V,N,Y,Y,0.40012000000000003,240
solar,MANGO POWER TECH INC.,LBZ-PV-400,208V,N,Y,Y,0.40019999999999994,208
solar,MANGO POWER TECH INC.,LBZ-PV-500,208V,N,Y,Y,0.49918,208
solar,MANGO POWER TECH INC.,LBZ-PV-500,240V,N,Y,Y,0.50036,240
solar,MANGO POWER TECH INC.,M Hybrid Inverter 12kW,208V,Y,Y,Y,10.499,208
solar,MANGO POWER TECH INC.,M Hybrid Inverter 12kW,240V,Y,Y,Y,11.933,240
solar,MidNite Power Inc.,MN 15-12KW-AIO,240V,Y,Y,N,10.135,240
solar,MidNite Power Inc.,MN 15-12KW-AIO,208V,Y,Y,N,10.193,208
solar,"MidNite Solar, Inc.",MN 15-12KW-AIO,240V,Y,Y,N,10.135,240
solar,MPP SOLAR INC,LVX 12KW WP,120V,Y,Y,N,9.0186,120
solar,MPP SOLAR INC,LVX 12KW WP,240V,Y,Y,N,9.0186,240
solar,NeoVolta Inc.,NV7600,208V,Y,Y,Y ,7.4473,208
solar,NeoVolta Inc.,NV7600,240V,Y,Y,Y ,7.657,240
solar,NeoVolta Inc.,NV12KAC,240V,Y,Y,Y,12.21352,240
solar,NeoVolta Inc.,NV16KAC,240V,Y,Y,Y,16.199,240
solar,NEXTRACKER LLC,NXPCS800K-HUD,800V,Y,Y,N,801.42,800
solar,NEXTRACKER LLC,NXPCS1670K-HUD,800V,Y,Y,N,1673.4,800
solar,NEXTRACKER LLC,NXPCS3340K-HUD,800V,Y,Y,N,3347.8,800
solar,NEXTRACKER LLC,NXPCS5000K-HUD,800V,Y,Y,N,5004.9,800
solar,Northern Electric & Power Co. Ltd,BDM-300-208A,208V,N,Y,Y,0.255,208
solar,Northern Electric & Power Co. Ltd,BDM-300-240A,240V,N,Y,Y,0.289,240
solar,Northern Electric & Power Co. Ltd,BDM-350-208A,208V,N,Y,Y,0.303,208
solar,Northern Electric & Power Co. Ltd,BDM-400-208A,208V,N,Y,Y,0.343,208
solar,Northern Electric & Power Co. Ltd,BDM-350-240A,240V,N,Y,Y,0.346,240
solar,Northern Electric & Power Co. Ltd,BDM-400-240A,240V,N,Y,Y,0.398,240
solar,Northern Electric & Power Co. Ltd,BDM-550,240V,N,Y,Y,0.547,240
solar,Northern Electric & Power Co. Ltd,BDM-300X2-240A,240V,N,Y,Y,0.576,240
solar,Northern Electric & Power Co. Ltd,BDM-300X2-208A,208V,N,Y,Y,0.59,208
solar,Northern Electric & Power Co. Ltd,BDM-650,240V,N,Y,Y,0.639,240
solar,Northern Electric & Power Co. Ltd,BDM-800-208A,208V,N,Y,Y ,0.707,208
solar,Northern Electric & Power Co. Ltd,BDM-800-240A,240V,N,Y,Y ,0.772,240
solar,Northern Electric & Power Co. Ltd,BDM-800-277A,277V,N,Y,Y,0.79872,277
solar,Northern Electric & Power Co. Ltd,BDM-1000-208A,208V,N,Y,Y,0.819,208
solar,Northern Electric & Power Co. Ltd,BDM-1000-240A,240V,N,Y,Y,0.934,240
solar,Northern Electric & Power Co. Ltd,BDM-1200-208A,208V,N,Y,Y,1.07,208
solar,Northern Electric & Power Co. Ltd,BDM-1200-LV,120V,N,Y,Y,1.1935,120
solar,Northern Electric & Power Co. Ltd,BDM-1200-240A,240V,N,Y,Y,1.22,240
solar,Northern Electric & Power Co. Ltd,BDM-1600-208A,208V,N,Y,Y,1.331,208
solar,Northern Electric & Power Co. Ltd,BDM-1600-240A,240V,N,Y,Y,1.533,240
solar,Northern Electric & Power Co. Ltd,BDM-1600-LV,120V,N,Y,Y,1.597,120
solar,Northern Electric & Power Co. Ltd,BDM-2000-208A,208V,N,Y,Y,1.663,208
solar,Northern Electric & Power Co. Ltd,BDM-2000-240A,240V,N,Y,Y,1.998,240
solar,Northern Electric & Power Co. Ltd,BDHX-2000T-208,208V,Y,Y,N,2.078,208
solar,Northern Electric & Power Co. Ltd,BDH-8KSP-LB,208V,Y,Y,Y,6.9318,208
solar,Northern Electric & Power Co. Ltd,BDH-8KSP-LB,240V,Y,Y,Y,7.99,240
solar,Northern Electric & Power Co. Ltd,BDH-10KSP-LB,208V,Y,Y,Y,8.671,208
solar,Northern Electric & Power Co. Ltd,BDH-10KSP-LB,240V,Y,Y,Y,9.9914,240
solar,Northern Electric & Power Co. Ltd,BDH-12KSP-LB,208V,Y,Y,Y,11.517,208
solar,Northern Electric & Power Co. Ltd,BDH-12KSP-LB,240V,Y,Y,Y,11.969,240
solar,Northern Electric & Power Co. Ltd,Neptune25K,480V,N,Y,Y,24.888,480
solar,Northern Electric & Power Co. Ltd,Neptune30K-LV,208V,N,Y,Y,29.878,208
solar,Northern Electric & Power Co. Ltd,Neptune30K,480V,N,Y,Y,29.883,480
solar,Northern Electric & Power Co. Ltd,Neptune33K,480V,N,Y,Y,32.865,480
solar,Northern Electric & Power Co. Ltd,Neptune36K,480V,N,Y,Y,35.866,480
solar,Northern Electric & Power Co. Ltd,Neptune40K,480V,N,Y,Y,39.841,480
solar,Northern Electric & Power Co. Ltd,Neptune50K,480V,N,Y,Y,49.848,480
solar,Northern Electric & Power Co. Ltd,Neptune60K,480V,N,Y,Y,59.898,480
solar,Northern Electric & Power Co. Ltd,Neptune75K,480V,N,Y,Y,74.574,480
solar,Northern Electric & Power Co. Ltd,Neptune100K,480V,N,Y,Y,99.368,480
solar,"ONE SUN, MEXICO S.A. DE C.V.",1S480-10k,480V,N,N,Y,9.975,480
solar,OutBack Power,SBX5048-120/240,240V,Y,N,Y,4.985,240
solar,OutBack Power,PHXL480-10k,480V,N,N,Y,9.975,480
solar,"Oxford Intelligent Energy Co., Ltd.",OE 5KHS/LV,208V,Y,Y,Y,5.02,208
solar,"Oxford Intelligent Energy Co., Ltd.",OE 5KHS/LV,240V,Y,Y,Y,5.04,240
solar,"Oxford Intelligent Energy Co., Ltd.",OE 6KHS/LV,208V,Y,Y,Y,6.124,208
solar,"Oxford Intelligent Energy Co., Ltd.",OE 6KHS/LV,240V,Y,Y,Y,6.149,240
solar,"Oxford Intelligent Energy Co., Ltd.",OE 7K6HS/LV,240V,Y,Y,Y,7.647,240
solar,"Oxford Intelligent Energy Co., Ltd.",OE 7K6HS-T2/LV,240V,Y,Y,Y,7.647,240
solar,"Oxford Intelligent Energy Co., Ltd.",OE 7K6HS/LV,208V,Y,Y,Y,7.648,208
solar,"Oxford Intelligent Energy Co., Ltd.",OE 7K6HS-T2/LV,208V,Y,Y,Y,7.648,208
solar,"Oxford Intelligent Energy Co., Ltd.",OE 8KHS/LV,240V,Y,Y,Y,8.047,240
solar,"Oxford Intelligent Energy Co., Ltd.",OE 8KHS/LV,208V,Y,Y,Y,8.06,208
solar,"Oxford Intelligent Energy Co., Ltd.",OE 11K4HS/LV,240V,Y,Y,Y,10.14,240
solar,"Oxford Intelligent Energy Co., Ltd.",OE 10KHS/LV,240V,Y,Y,Y,10.147,240
solar,"Oxford Intelligent Energy Co., Ltd.",OE 10KHS/LV,208V,Y,Y,Y,10.186,208
solar,"Oxford Intelligent Energy Co., Ltd.",OE 11K4HS/LV,208V,Y,Y,Y,10.186,208
solar,PANASONIC CORPORATION OF NORTH AMERICA,EVHB-I7,240V,Y,Y,Y,7.60819341,240
solar,PhaseGreen Technology Inc.,PhG-P5K0LNA-M,240V,Y,Y,Y,5.0897,240
solar,PhaseGreen Technology Inc.,PhG-P6K0LNA-M,240V,Y,Y,Y,6.117,240
solar,PhaseGreen Technology Inc.,PhG-P7K6LNA-M,240V,Y,Y,Y,7.765,240
solar,PhaseGreen Technology Inc.,PhG-P8K0LNA-M,240V,Y,Y,Y,8.084,240
solar,PhaseGreen Technology Inc.,PhG-P10K0LNA-M,240V,Y,Y,Y,10.177,240
solar,Pika Energy,X7603,240V,N,N,Y,7.585,240
solar,Pika Energy,X7601,240V,N,N,Y,7.587,240
solar,Pika Energy,X7602,240V,Y,N,Y,7.587,240
solar,Pika Energy,X11403,208V,N,N,Y,11.18,208
solar,Pika Energy,X11402,208V,Y,N,Y,11.187,208
solar,PointGuard Energy Inc.,PG Controller 3.8,240V,Y,Y,N,3.843,240
solar,PointGuard Energy Inc.,PG Controller 4.8,240V,Y,Y,N,4.808,240
solar,PointGuard Energy Inc.,PG Controller 5.7,240V,Y,Y,N,5.776,240
solar,PointGuard Energy Inc.,PG Controller 7.6,240V,Y,Y,N,7.689,240
solar,PointGuard Energy Inc.,PG Controller 9.6,240V,Y,Y,N,9.653,240
solar,PointGuard Energy Inc.,PG Controller 11.4,240V,Y,Y,N,11.4601,240
solar,POMCube Inc.,PNZ-10K1N2-NA0,240V,Y,Y,Y,9.92,240
solar,Power Center,D350-M1A-208A,208V,N,Y,Y,0.303,208
solar,Power Center,D400-M1A-208A,208V,N,Y,Y,0.343,208
solar,Power Center,D350-M1A-240A,240V,N,Y,Y,0.346,240
solar,Power Center,D350-M1,240V,N,Y,Y,0.3495,240
solar,Power Center,D400-M1A-240A,240V,N,Y,Y,0.398,240
solar,Power Center,D600-M2A-240A,240V,N,Y,Y,0.576,240
solar,Power Center,D600-M2A-208A,208V,N,Y,Y,0.59,208
solar,Power Center,D700-M2,240V,N,Y,Y,0.697,240
solar,Power Center,D800-M2A-208A,208V,N,Y,Y,0.707,208
solar,Power Center,D800-M2A-240A,240V,N,Y,Y,0.772,240
solar,Power Center,D1500-M4,240V,N,Y,Y,1.439,240
solar,Power Center,Essential Hybrid 5,120V,Y,Y,N,4.7871,120
solar,Power Center,Essential Hybrid 5,240V,Y,Y,N,7.9703,240
solar,Power Center,Flex 10,208V,Y,Y,Y,8.671,208
solar,Power Center,Flex 10,240V,Y,Y,Y,9.9914,240
solar,Power Center,Flex 12,208V,Y,Y,Y,11.517,208
solar,Power Center,Flex 12,240V,Y,Y,Y,11.969,240
solar,Power Center,Max Hybrid 15,208V,Y,Y,N,13.01,208
solar,Power Center,Max Hybrid 15,240V,Y,Y,N,15.04,240
solar,Power Center,Max Hybrid 30 (208V),120V,Y,Y,N,30.025,120
solar,Power Center,Max Hybrid 60,277V,Y,Y,N,60.05,277
solar,Power Electronics,FS1050CU15,565V,N,N,Y,1163.5,565
solar,Power Electronics,FS1100CU15O3,600V,N,N,Y,1176.44,600
solar,Power Electronics,FS1100CU15,600V,N,N,Y,1209.25,600
solar,Power Electronics,FS1200CU15,645V,N,N,Y,1300.9,645
solar,Power Electronics,FS1275CU15,690V,N,N,Y,1389.08,690
solar,Power Electronics,FS1400CU15,565V,N,N,Y,1517.09,565
solar,Power Electronics,FS1500CU15O3,600V,N,N,Y,1594.72,600
solar,Power Electronics,FS1475CU15,600V,N,N,Y,1610.37,600
solar,Power Electronics,FS1600CU15,645V,N,N,Y,1734.81,645
solar,Power Electronics,FS1700CU15,690V,N,N,Y,1850.63,690
solar,Power Electronics,FS1750CU15,565V,N,N,Y,1896.53,565
solar,Power Electronics,FS1850CU15O3,600V,N,N,Y,1974.29,600
solar,Power Electronics,FS1850CU15,600V,N,N,Y,2020.96,600
solar,Power Electronics,FS2000K,600V,N,N,Y,2103.416,600
solar,Power Electronics,FS2000CU15,645V,N,N,Y,2162.42,645
solar,Power Electronics,FS2000M,34000V,N,N,Y,2178.068,34500
solar,Power Electronics,FS2125K,600V,N,N,Y,2201.52,600
solar,Power Electronics,FS2180K,615V,N,N,Y,2259.5,615
solar,Power Electronics,FS2100CU15,565V,N,N,Y,2275.89,565
solar,Power Electronics,FS2125CU15,690V,N,N,Y,2306.41,690
solar,Power Electronics,FS2225CU15,600V,N,N,Y,2417.08,600
solar,Power Electronics,FS2250CU15O3,600V,N,N,Y,2420.37,600
solar,Power Electronics,FS2150CU15,645V,N,N,Y,2558.48,645
solar,Power Electronics,FS2400CU15,645V,N,N,Y,2583.76,645
solar,Power Electronics,FS2450CU15,565V,N,N,Y,2664.07,565
solar,Power Electronics,FS2550CU15,690V,N,N,Y,2759.39,690
solar,Power Electronics,FS2300CU15,690V,N,N,Y,2759.49,690
solar,Power Electronics,FS2600CU15O3,600V,N,N,Y,2770.2,600
solar,Power Electronics,FS2600CU15,600V,N,N,Y,2821.84,600
solar,Power Electronics,FS2840M,34000V,N,N,Y,2844.7,34500
solar,POWER ELECTRONICS,FS2865K,600V,N,N,Y,2858.63,600
solar,Power Electronics,FS3001M,34000V,N,N,Y,3017.848,34500
solar,Power Electronics,FS2800CU15,645V,N,N,Y,3024.91,645
solar,Power Electronics,FS3000M,34000V,N,N,Y,3109.266,34500
solar,Power Electronics,FS3000K,600V,N,N,Y,3121.31,600
solar,Power Electronics,FS3000CU15,690V,N,N,Y,3201.17,690
solar,Power Electronics,FS3150K,630V,N,N,Y,3279.87,630
solar,Power Electronics,FS3190K,600V,N,N,Y,3303.82,630
solar,Power Electronics,FS3150M,34000V,N,N,Y,3307.98,34500
solar,Power Electronics,FS3225M,34000V,N,N,Y,3367.326,34500
solar,Power Electronics,FS3270K,615V,N,N,Y,3376.294,615
solar,POWER ELECTRONICS,FS3820K,600V,N,N,Y,3825.8,600
solar,Power Electronics,FS4010K,630V,N,N,Y,4058.537,630
solar,Power Electronics,FS4200M,34500V,N,N,Y,4198.715,34500
solar,"Princeton Power Systems, Inc.",GTIB-480-30-WZZZZZZ-G1.3,480V,Y,N,Y,29.444,480
solar,"Princeton Power Systems, Inc.",GTIB-480-30-ZZZZZZ-G1.3,480V,Y,N,Y,29.956,480
solar,"Princeton Power Systems, Inc.",GTIB-480-125XXXXXX-G1.5,480V,Y,N,Y,124.964,480
solar,"Princeton Power Systems, Inc.",GTIB-480-125XXXXXX-W-G1.5,480V,Y,N,Y,124.964,480
solar,Qcells North America,Q.PEAK DUO BLK-G10+/AC 360,240V,N,N,Y,0.29,240
solar,Qcells North America,Q.PEAK DUO BLK-G10+/AC 365,240V,N,N,Y,0.29,240
solar,Qcells North America,Q.PEAK DUO BLK-G10+/AC 370,240V,N,N,Y,0.29,240
solar,Qcells North America,Q.PEAK DUO BLK-G6+/AC 340,240V,N,N,Y,0.29,240
solar,Qcells North America,Q.PEAK DUO BLK-G6+/AC 345,240V,N,N,Y,0.29,240
solar,Qcells North America,Q.MI.380C-G2,208V,N,Y,Y,0.3302,208
solar,Qcells North America,Q.MICRO.380C-G2,208V,N,Y,Y,0.3302,208
solar,Qcells North America,Q.MI.349B-G1,240V,N,Y,Y,0.349,240
solar,Qcells North America,Q.PEAK DUO BLK ML-G10.C1+/AC 395,240V,N,Y,Y,0.349,240
solar,Qcells North America,Q.PEAK DUO BLK ML-G10.C1+/AC 400,240V,N,Y,Y,0.349,240
solar,Qcells North America,Q.PEAK DUO BLK ML-G10.C1+/AC 405,240V,N,Y,Y,0.349,240
solar,Qcells North America,Q.PEAK DUO BLK ML-G10.C1+/AC 410,240V,N,Y,Y,0.349,240
solar,Qcells North America,Q.PEAK DUO BLK ML-G10.C1+/AC 415,240V,N,Y,Y,0.349,240
solar,Qcells North America,Q.PEAK DUO BLK ML-G10.D1+/AC 395,240V,N,Y,Y,0.349,240
solar,Qcells North America,Q.PEAK DUO BLK ML-G10.D1+/AC 400,240V,N,Y,Y,0.349,240
solar,Qcells North America,Q.PEAK DUO BLK ML-G10.D1+/AC 405,240V,N,Y,Y,0.349,240
solar,Qcells North America,Q.PEAK DUO BLK ML-G10.D1+/AC 410,240V,N,Y,Y,0.349,240
solar,Qcells North America,Q.PEAK DUO BLK ML-G10.D1+/AC 415,240V,N,Y,Y,0.349,240
solar,Qcells North America,Q.TRON BLK M-G2.C1+/AC 415,240V,N,Y,Y,0.349,240
solar,Qcells North America,Q.TRON BLK M-G2.C1+/AC 420,240V,N,Y,Y,0.349,240
solar,Qcells North America,Q.TRON BLK M-G2.C1+/AC 425,240V,N,Y,Y,0.349,240
solar,Qcells North America,Q.TRON BLK M-G2.C1+/AC 430,240V,N,Y,Y,0.349,240
solar,Qcells North America,Q.TRON BLK M-G2.C1+/AC 435,240V,N,Y,Y,0.349,240
solar,Qcells North America,Q.TRON BLK M-G2.C1+/AC 440,240V,N,Y,Y,0.349,240
solar,Qcells North America,Q.TRON BLK M-G2.C1+/AC 445,240V,N,Y,Y,0.349,240
solar,Qcells North America,Q.TRON BLK M-G2.D1+/AC 415,,N,Y,Y,0.349,240
solar,Qcells North America,Q.TRON BLK M-G2.D1+/AC 420,,N,Y,Y,0.349,240
solar,Qcells North America,Q.TRON BLK M-G2.D1+/AC 425,,N,Y,Y,0.349,240
solar,Qcells North America,Q.TRON BLK M-G2.D1+/AC 430,,N,Y,Y,0.349,240
solar,Qcells North America,Q.TRON BLK M-G2.D1+/AC 435,,N,Y,Y,0.349,240
solar,Qcells North America,Q.TRON BLK M-G2.D1+/AC 440,,N,Y,Y,0.349,240
solar,Qcells North America,Q.TRON BLK M-G2.D1+/AC 445,,N,Y,Y,0.349,240
solar,Qcells North America,Q.TRON BLK M-G2.F1+/AC 405,240V,N,Y,Y,0.349,240
solar,Qcells North America,Q.TRON BLK M-G2.F1+/AC 410,240V,N,Y,Y,0.349,240
solar,Qcells North America,Q.TRON BLK M-G2.F1+/AC 415,240V,N,Y,Y,0.349,240
solar,Qcells North America,Q.TRON BLK M-G2.F1+/AC 420,240V,N,Y,Y,0.349,240
solar,Qcells North America,Q.TRON BLK M-G2.F1+/AC 425,240V,N,Y,Y,0.349,240
solar,Qcells North America,Q.TRON BLK M-G2.F1+/AC 430,240V,N,Y,Y,0.349,240
solar,Qcells North America,Q.TRON BLK M-G2.F1+/AC 435,240V,N,Y,Y,0.349,240
solar,Qcells North America,Q.TRON BLK M-G2.F1+/AC 440,240V,N,Y,Y,0.349,240
solar,Qcells North America,Q.TRON BLK M-G2.H1+/AC 405,240V,N,Y,Y,0.349,240
solar,Qcells North America,Q.TRON BLK M-G2.H1+/AC 410,240V,N,Y,Y,0.349,240
solar,Qcells North America,Q.TRON BLK M-G2.H1+/AC 415,240V,N,Y,Y,0.349,240
solar,Qcells North America,Q.TRON BLK M-G2.H1+/AC 420,240V,N,Y,Y,0.349,240
solar,Qcells North America,Q.TRON BLK M-G2.H1+/AC 425,240V,N,Y,Y,0.349,240
solar,Qcells North America,Q.TRON BLK M-G2.H1+/AC 430,240V,N,Y,Y,0.349,240
solar,Qcells North America,Q.TRON BLK M-G2.H1+/AC 435,240V,N,Y,Y,0.349,240
solar,Qcells North America,Q.TRON BLK M-G2.H1+/AC 440,240V,N,Y,Y,0.349,240
solar,Qcells North America,Q.TRON BLK M-G2.H1+/AC 445,240V,N,Y,Y,0.349,240
solar,Qcells North America,Q.TRON BLK M-G2+/AC 405,240V,N,Y,Y,0.349,240
solar,Qcells North America,Q.TRON BLK M-G2+/AC 410,240V,N,Y,Y,0.349,240
solar,Qcells North America,Q.TRON BLK M-G2+/AC 415,240V,N,Y,Y,0.349,240
solar,Qcells North America,Q.TRON BLK M-G2+/AC 420,240V,N,Y,Y,0.349,240
solar,Qcells North America,Q.TRON BLK M-G2+/AC 425,240V,N,Y,Y,0.349,240
solar,Qcells North America,Q.TRON BLK M-G2+/AC 430,240V,N,Y,Y,0.349,240
solar,Qcells North America,Q.TRON BLK M-G2+/AC 435,240V,N,Y,Y,0.349,240
solar,Qcells North America,Q.TRON BLK M-G2+/AC 440,240V,N,Y,Y,0.349,240
solar,Qcells North America,Q.TRON BLK M-G2+/AC 445,240V,N,Y,Y,0.349,240
solar,Qcells North America,Q.MI.380C-G2,240V,N,Y,Y,0.37889999999999996,240
solar,Qcells North America,Q.MICRO.380C-G2,240V,N,Y,Y,0.37889999999999996,240
solar,Qcells North America,Q.MI.384B-P2,240V,N,Y,Y,0.383,240
solar,Qcells North America,Q.MICRO.384B-P2,240V,N,Y,Y,0.383,240
solar,Qcells North America,Q.VOLT H3.8SX,240V,Y,Y,Y,3.805,240
solar,Qcells North America,Q.VOLT H5.0SX,240V,Y,Y,Y,5.003,240
solar,Qcells North America,Q.HOME+ HYB-G1-6.0,240V,Y,Y,Y,5.57,240
solar,Qcells North America,Q.VOLT H6.0SX,240V,Y,Y,Y,6.017,240
solar,Qcells North America,Q.HOME+ HYB-G1-7.0,240V,Y,Y,Y,6.666,240
solar,Qcells North America,Q.VOLT H7.6SX,240V,Y,Y,Y,7.593,240
solar,Qcells North America,Q.HOME+ HYB-G1-7.6,240V,Y,Y,Y,7.642,240
solar,Qcells North America,Q.HOME+ HYB-G1-8.6,240V,Y,Y,Y,8.604,240
solar,RCT Power Energy Technology Corporation,Power Storage DC US-8.0,208V,Y,Y,Y,7.015,208
solar,RCT Power Energy Technology Corporation,Power Storage DC US-8.0 PRO,208V,Y,Y,Y,7.015,208
solar,RCT Power Energy Technology Corporation,Power Storage DC US-8.0,240V,Y,Y,Y,8.0322,240
solar,RCT Power Energy Technology Corporation,Power Storage DC US-8.0 PRO,240V,Y,Y,Y,8.0322,240
solar,RCT Power Energy Technology Corporation,Power Storage DC US-15.0,208V,Y,Y,N,14.947,208
solar,RCT Power Energy Technology Corporation,Power Storage DC US-15.0,240V,Y,Y,N,14.947,240
solar,"RelyEZ Energy Storage Technology Co., Ltd.",Sync Micro 550S,240V,N,Y,N,0.55,240
solar,"RelyEZ Energy Storage Technology Co., Ltd.",Sync Micro 660S,240V,N,Y,N,0.66,240
solar,"RelyEZ Energy Storage Technology Co., Ltd.",Sync Micro 760S,240V,N,Y,N,0.76,240
solar,Rhombus Energy Solutions,RES-BESS60DP-480,480V,Y,N,Y,59.789,480
solar,RNG International Inc.,RIV4850HI-SPS,240V,Y,Y,Y,5.0897,240
solar,RNG International Inc.,RIV4860HI-SPS,240V,Y,Y,Y,6.117,240
solar,RNG International Inc.,RIV4876HI-SPS,240V,Y,Y,Y,7.765,240
solar,RNG International Inc.,RIV4880HI-SPS,240V,Y,Y,Y,8.084,240
solar,RNG International Inc.,RIV4810HI-SPS,240V,Y,Y,Y,10.177,240
solar,Savant Systems Inc.,PS-INV-10KW-100A-XX,240V,Y,Y,Y,9.92266,240
solar,Savant Systems Inc.,PS-INV-10KW-60A-XX,240V,Y,Y,Y,9.92266,240
solar,Savant Systems Inc.,PS-INV-12.5KW-100A-XX,240V,Y,Y,Y,12.4109,240
solar,Savant Systems Inc.,PS-INV-12.5KW-60A-XX,240V,Y,Y,Y,12.4109,240
solar,"Schneider Electric USA, Inc.",HY8K1NA1,240V,Y,Y,Y,7.626,240
solar,"Schneider Electric USA, Inc.",Conext CL125,600V,N,N,Y,125,600
solar,"Schneider Electric USA, Inc.",CS1666-1-NA,575V,N,N,Y,1666,575
solar,"Schneider Electric USA, Inc.",CS1666-2-NA,575V,N,N,Y,1666,575
solar,"Schneider Electric USA, Inc.",CS1666-3-NA,575V,N,N,Y,1666,575
solar,"Schneider Electric USA, Inc.",CS1800-NA,575V,N,N,Y,1800,575
solar,"Schneider Electric USA, Inc.",CS2000-NA,575V,N,N,Y,2000,575
solar,"Schneider Electric USA, Inc.",CS2200-NA,600V,N,N,Y,2200,600
solar,"Shanghai Chelion RenewableTechnology Co., Ltd.",iHome-INV7.6K-H1H02,240V,Y,Y,N,7.5810227907830585,240
solar,"Shanghai Chelion RenewableTechnology Co., Ltd.",iHome-INV9.6K-H1H02,240V,Y,Y,N,9.573264646770172,240
solar,"Shanghai Chelion RenewableTechnology Co., Ltd.",iHome-INV10K-H1H02,240V,Y,Y,N,9.956302006955687,240
solar,"Shanghai Chelion RenewableTechnology Co., Ltd.",iHome-INV11.4K-H1H02,240V,Y,Y,N,11.37051,240
solar,"Shanghai Chelion RenewableTechnology Co., Ltd.",iHome-INV12K-H1H02,240V,Y,Y,N,11.96817,240
solar,"SHEN ZHEN MY SMART ENERGY ELECTRIC CO., LTD",MY-HL8K-P2WB,240V,Y,Y,N,7.9813860000000005,240
solar,"SHEN ZHEN MY SMART ENERGY ELECTRIC CO., LTD",MY-HL10K-P2WB,240V,Y,Y,N,10.010924,240
solar,"SHEN ZHEN MY SMART ENERGY ELECTRIC CO., LTD",MY-HL12K-P2WB,240V,Y,Y,N,12.01448,240
solar,"SHEN ZHEN MY SMART ENERGY ELECTRIC CO., LTD",MY-HL15K-P2WB,240V,Y,Y,N,15.01484,240
solar,Shenzhen Eternalplanet Energy Pingshan Ltd.,HNA7G,240V,Y,Y,Y,7.58,240
solar,Shenzhen Eternalplanet Energy Pingshan Ltd.,HNA7G_AT,240V,Y,Y,Y,7.58,240
solar,Shenzhen Eternalplanet Energy Pingshan Ltd.,HNA7G_TT,240V,Y,Y,Y,7.58,240
solar,Shenzhen Eternalplanet Energy Pingshan Ltd.,HNA7W,240V,Y,Y,Y,7.58,240
solar,Shenzhen Eternalplanet Energy Pingshan Ltd.,HNA7W_TT,240V,Y,Y,Y,7.58,240
solar,"Shenzhen Growatt New Energy Co., Ltd.",MIN 3000TL-XH-US,208V,Y,Y,Y,2.626,208
solar,"Shenzhen Growatt New Energy Co., Ltd.",SPH 3000TL BL-US,240V,Y,N,Y ,2.934,240
solar,"Shenzhen Growatt New Energy Co., Ltd.",SPH 3000TL BL-US,208V,Y,N,Y ,2.999,208
solar,"Shenzhen Growatt New Energy Co., Ltd.",MIN 3000TL-XH-US,240V,Y,Y,Y,3.095,240
solar,"Shenzhen Growatt New Energy Co., Ltd.",MIN 3800TL-XH-US,208V,Y,Y,Y,3.324,208
solar,"Shenzhen Growatt New Energy Co., Ltd.",SPH 3600TL BL-US,208V,Y,N,Y ,3.581,208
solar,"Shenzhen Growatt New Energy Co., Ltd.",SPH 3600TL BL-US,240V,Y,N,Y ,3.608,240
solar,"Shenzhen Growatt New Energy Co., Ltd.",GROWATT 4000MTLP-US,208V,N,N,Y,3.62,208
solar,"Shenzhen Growatt New Energy Co., Ltd.",MIN 3800TL-XH-US,240V,Y,Y,Y,3.888,240
solar,"Shenzhen Growatt New Energy Co., Ltd.",SPH 4000TL BL-US,240V,Y,N,Y ,3.988,240
solar,"Shenzhen Growatt New Energy Co., Ltd.",SPH 4000TL BL-US,208V,Y,N,Y ,4.004,208
solar,"Shenzhen Growatt New Energy Co., Ltd.",GROWATT 4000MTLP-US,240V,N,N,Y,4.05,240
solar,"Shenzhen Growatt New Energy Co., Ltd.",GROWATT 4000MTLP-US,277V,N,N,Y,4.06,277
solar,"Shenzhen Growatt New Energy Co., Ltd.",MIN 5000TL-XH-US,208V,Y,Y,Y,4.28,208
solar,"Shenzhen Growatt New Energy Co., Ltd.",GROWATT 5000MTLP-US,208V,N,N,Y,4.59,208
solar,"Shenzhen Growatt New Energy Co., Ltd.",SPH 4600TL BL-US,240V,Y,N,Y ,4.598,240
solar,"Shenzhen Growatt New Energy Co., Ltd.",SPH 4600TL BL-US,208V,Y,N,Y ,4.604,208
solar,"Shenzhen Growatt New Energy Co., Ltd.",MIN 5000TL-XH-US,240V,Y,Y,Y,4.943,240
solar,"Shenzhen Growatt New Energy Co., Ltd.",SPH 5000TL BL-US,240V,Y,N,Y ,4.954,240
solar,"Shenzhen Growatt New Energy Co., Ltd.",SPH 5000TL BL-US,208V,Y,N,Y ,4.969,208
solar,"Shenzhen Growatt New Energy Co., Ltd.",GROWATT 5000MTLP-US,277V,N,N,Y,5.06,277
solar,"Shenzhen Growatt New Energy Co., Ltd.",GROWATT 5000MTLP-US,240V,N,N,Y,5.07,240
solar,"Shenzhen Growatt New Energy Co., Ltd.",MIN 6000TL-XH-US,208V,Y,Y,Y,5.143,208
solar,"Shenzhen Growatt New Energy Co., Ltd.",SPH 6000TL BL-US,208V,Y,N,Y ,5.232,208
solar,"Shenzhen Growatt New Energy Co., Ltd.",GROWATT 6000MTLP-US,208V,N,N,Y,5.34,208
solar,"Shenzhen Growatt New Energy Co., Ltd.",SPH 6000TL BL-US,240V,Y,N,Y ,5.864,240
solar,"Shenzhen Growatt New Energy Co., Ltd.",MIN 6000TL-XH-US,240V,Y,Y,Y,5.918,240
solar,"Shenzhen Growatt New Energy Co., Ltd.",GROWATT 6000MTLP-US,240V,N,N,Y,6.08,240
solar,"Shenzhen Growatt New Energy Co., Ltd.",GROWATT 6000MTLP-US,277V,N,N,Y,6.08,277
solar,"Shenzhen Growatt New Energy Co., Ltd.",GROWATT 7000MTLP-US,208V,N,N,Y,6.093,208
solar,"Shenzhen Growatt New Energy Co., Ltd.",MIN 7600TL-XH-US,208V,Y,Y,Y,6.58,208
solar,"Shenzhen Growatt New Energy Co., Ltd.",MIN 7600TL-XH2 US,208V,Y,Y,Y,6.611,208
solar,"Shenzhen Growatt New Energy Co., Ltd.",GROWATT 7600MTLP-US,208V,N,N,Y,6.74101,208
solar,"Shenzhen Growatt New Energy Co., Ltd.",GROWATT 7000MTLP-US,240V,N,N,Y,7.011,240
solar,"Shenzhen Growatt New Energy Co., Ltd.",GROWATT 7000MTLP-US,277V,N,N,Y,7.01607,277
solar,"Shenzhen Growatt New Energy Co., Ltd.",GROWATT 8000MTLP-US,208V,N,N,Y,7.107,208
solar,"Shenzhen Growatt New Energy Co., Ltd.",MIN 8200TL-XH-US,208V,Y,Y,Y,7.166,208
solar,"Shenzhen Growatt New Energy Co., Ltd.",MIN 7600TL-XH-US,240V,Y,Y,Y,7.524,240
solar,"Shenzhen Growatt New Energy Co., Ltd.",GROWATT 7600MTLP-US,240V,N,N,Y,7.604,240
solar,"Shenzhen Growatt New Energy Co., Ltd.",MIN 7600TL-XH2 US,240V,Y,Y,Y,7.651,240
solar,"Shenzhen Growatt New Energy Co., Ltd.",GROWATT 7600MTLP-US,277V,N,N,Y,7.652,277
solar,"Shenzhen Growatt New Energy Co., Ltd.",GROWATT 9000MTLP-US,208V,N,N,Y,7.864,208
solar,"Shenzhen Growatt New Energy Co., Ltd.",MIN 9000TL-XH-US,208V,Y,Y,Y,7.874,208
solar,"Shenzhen Growatt New Energy Co., Ltd.",SPH 8000TL-HU-US(B),208V,Y,Y,Y,7.907506396,208
solar,"Shenzhen Growatt New Energy Co., Ltd.",SPH 8000TL-HU-US(B),240V,Y,Y,Y,7.925099955,240
solar,"Shenzhen Growatt New Energy Co., Ltd.",GROWATT 8000MTLP-US,240V,N,N,Y,8.061,240
solar,"Shenzhen Growatt New Energy Co., Ltd.",GROWATT 8000MTLP-US,277V,N,N,Y,8.137,277
solar,"Shenzhen Growatt New Energy Co., Ltd.",MIN 8200TL-XH-US,240V,Y,Y,Y,8.251,240
solar,"Shenzhen Growatt New Energy Co., Ltd.",MIN 10000TL-XH2 US,208V,Y,Y,Y,8.606,208
solar,"Shenzhen Growatt New Energy Co., Ltd.",GROWATT 10000MTLP-US,208V,N,N,Y,8.63,208
solar,"Shenzhen Growatt New Energy Co., Ltd.",MIN 10000TL-XH-US,208V,Y,Y,Y,8.76,208
solar,"Shenzhen Growatt New Energy Co., Ltd.",GROWATT 9000MTLP-US,240V,N,N,Y,9.061,240
solar,"Shenzhen Growatt New Energy Co., Ltd.",MIN 9000TL-XH-US,240V,Y,Y,Y,9.063,240
solar,"Shenzhen Growatt New Energy Co., Ltd.",GROWATT 9000MTLP-US,277V,N,N,Y,9.169,277
solar,"Shenzhen Growatt New Energy Co., Ltd.",SPH 10000TL-HU-US,208V,Y,Y,Y,9.766960447,208
solar,"Shenzhen Growatt New Energy Co., Ltd.",SPH 10000TL-HU-US(B),208V,Y,Y,Y,9.766960447,208
solar,"Shenzhen Growatt New Energy Co., Ltd.",MIN 11400TL-XH2 US,208V,Y,Y,Y,9.827,208
solar,"Shenzhen Growatt New Energy Co., Ltd.",SPH 10000TL-HU-US,240V,Y,Y,Y,9.925,240
solar,"Shenzhen Growatt New Energy Co., Ltd.",SPH 10000TL-HU-US(B),240V,Y,Y,Y,9.925,240
solar,"Shenzhen Growatt New Energy Co., Ltd.",MIN 11400TL-XH-US,208V,Y,Y,Y,10.04,208
solar,"Shenzhen Growatt New Energy Co., Ltd.",MIN 10000TL-XH2 US,240V,Y,Y,Y,10.057,240
solar,"Shenzhen Growatt New Energy Co., Ltd.",GROWATT 10000MTLP-US,240V,N,N,Y,10.058,240
solar,"Shenzhen Growatt New Energy Co., Ltd.",MIN 10000TL-XH-US,240V,Y,Y,Y,10.082,240
solar,"Shenzhen Growatt New Energy Co., Ltd.",GROWATT 10000MTLP-US,277V,N,N,Y,10.165,277
solar,"Shenzhen Growatt New Energy Co., Ltd.",MIN 11400TL-XH2 US,240V,Y,Y,Y,11.354,240
solar,"Shenzhen Growatt New Energy Co., Ltd.",MIN 11400TL-XH-US,240V,Y,Y,Y,11.52,240
solar,"Shenzhen Growatt New Energy Co., Ltd.",WIT 28K-H-US L2,208V,Y,Y,Y,27.823900000000002,208
solar,"Shenzhen Growatt New Energy Co., Ltd.",WIT 28K-HU-US L2,208V,Y,Y,Y,27.823900000000002,208
solar,"Shenzhen Growatt New Energy Co., Ltd.",GROWATT 33000TL3-US,480V,N,N,Y,32.27,480
solar,"Shenzhen Growatt New Energy Co., Ltd.",WIT 35K-H-US L2,208V,Y,Y,Y,34.8249,208
solar,"Shenzhen Growatt New Energy Co., Ltd.",WIT 35K-HU-US L2,208V,Y,Y,Y,34.8249,208
solar,"Shenzhen Growatt New Energy Co., Ltd.",GROWATT 36000TL3-US,480V,N,N,Y,35.71,480
solar,"Shenzhen Growatt New Energy Co., Ltd.",GROWATT 40000TL3-US,480V,N,N,Y,39.85,480
solar,"Shenzhen Growatt New Energy Co., Ltd.",WIT 40K-H-US L2,208V,Y,Y,Y,39.9153,208
solar,"Shenzhen Growatt New Energy Co., Ltd.",WIT 40K-HU-US L2,208V,Y,Y,Y,39.9153,208
solar,"Shenzhen Growatt New Energy Co., Ltd.",WIT 50K-H-US,277V,Y,Y,Y,49.218300000000006,277
solar,"Shenzhen Growatt New Energy Co., Ltd.",WIT 50K-H-US,480V,Y,Y,Y,49.218300000000006,480
solar,"Shenzhen Growatt New Energy Co., Ltd.",WIT 50K-HU-US,277V,Y,Y,Y,49.218300000000006,277
solar,"Shenzhen Growatt New Energy Co., Ltd.",WIT 50K-HU-US,480V,Y,Y,Y,49.218300000000006,480
solar,"Shenzhen Growatt New Energy Co., Ltd.",WIT 55K-H-US L2,208V,Y,Y,Y,54.972,208
solar,"Shenzhen Growatt New Energy Co., Ltd.",WIT 55K-HU-US L2,208V,Y,Y,Y,54.972,208
solar,"Shenzhen Growatt New Energy Co., Ltd.",WIT 63K-H-US,277V,Y,Y,Y,62.5698,277
solar,"Shenzhen Growatt New Energy Co., Ltd.",WIT 63K-H-US,480V,Y,Y,Y,62.5698,480
solar,"Shenzhen Growatt New Energy Co., Ltd.",WIT 63K-HU-US,277V,Y,Y,Y,62.5698,277
solar,"Shenzhen Growatt New Energy Co., Ltd.",WIT 63K-HU-US,480V,Y,Y,Y,62.5698,480
solar,"Shenzhen Growatt New Energy Co., Ltd.",WIT 75K-H-US,277V,Y,Y,Y,74.5887,277
solar,"Shenzhen Growatt New Energy Co., Ltd.",WIT 75K-H-US,480V,Y,Y,Y,74.5887,480
solar,"Shenzhen Growatt New Energy Co., Ltd.",WIT 75K-HU-US,277V,Y,Y,Y,74.5887,277
solar,"Shenzhen Growatt New Energy Co., Ltd.",WIT 75K-HU-US,480V,Y,Y,Y,74.5887,480
solar,"Shenzhen Growatt New Energy Co., Ltd.",WIT 100K-H-US,277V,Y,Y,Y,99.3703,277
solar,"Shenzhen Growatt New Energy Co., Ltd.",WIT 100K-H-US,480V,Y,Y,Y,99.3703,480
solar,"Shenzhen Growatt New Energy Co., Ltd.",WIT 100K-HU-US,277V,Y,Y,Y,99.3703,277
solar,"Shenzhen Growatt New Energy Co., Ltd.",WIT 100K-HU-US,480V,Y,Y,Y,99.3703,480
solar,"Shenzhen GSL Energy Co., Ltd.",HS-LV8KNA,208V,Y,Y,N,8.80850279233333,208
solar,"Shenzhen GSL Energy Co., Ltd.",HS-LV8KNA,240V,Y,Y,N,8.81,240
solar,"Shenzhen GSL Energy Co., Ltd.",HS-LV10KNA,208V,Y,Y,N,10.0056833333333,208
solar,"Shenzhen GSL Energy Co., Ltd.",HS-LV10KNA,240V,Y,Y,N,10.0081833333333,240
solar,"Shenzhen GSL Energy Co., Ltd.",HS-LV12KNA,208V,Y,Y,N,10.3972,208
solar,"Shenzhen GSL Energy Co., Ltd.",GSL-H-12KLV-US,208V,Y,Y,N,10.499,208
solar,"Shenzhen GSL Energy Co., Ltd.",GSL-H-12KLV-US,240V,Y,Y,N,11.933,240
solar,"Shenzhen GSL Energy Co., Ltd.",HS-LV12KNA,240V,Y,Y,N,11.9957333333333,240
solar,Shenzhen Kstar New Energy Company Limited,E8KD,240V,Y,Y,N,8.024,240
solar,Shenzhen Kstar New Energy Company Limited,E10KD,240V,Y,Y,N,10.036,240
solar,Shenzhen Kstar New Energy Company Limited,E12KD,240V,Y,Y,N,12.02,240
solar,Shenzhen Kstar New Energy Company Limited,E15KD,240V,Y,Y,N,14.993,240
solar,"Shenzhen Lux Power Technology Co., Ltd.",LXP-LB-US 8K,208V,Y,Y,Y,7.8599499999999995,208
solar,"Shenzhen Lux Power Technology Co., Ltd.",LXP-LB-US 8K,240V,Y,Y,Y,7.86266,240
solar,"Shenzhen Lux Power Technology Co., Ltd.",LXP-LB-US 10K,208V,Y,Y,Y,9.757729999999999,208
solar,"Shenzhen Lux Power Technology Co., Ltd.",LXP-LB-US 10K,240V,Y,Y,Y,9.75858,240
solar,"Shenzhen Lux Power Technology Co., Ltd.",LXP-LB-US 12K,208V,Y,Y,Y,10.499,208
solar,"Shenzhen Lux Power Technology Co., Ltd.",GEN-LB-US 13K,208V,Y,Y,Y,11.325,208
solar,"Shenzhen Lux Power Technology Co., Ltd.",LXP-LB-US 13K,208V,Y,Y,Y,11.325,208
solar,"Shenzhen Lux Power Technology Co., Ltd.",LXP-LB-US 12K,240V,Y,Y,Y,11.933,240
solar,"Shenzhen Lux Power Technology Co., Ltd.",GEN-LB-US 13K,240V,Y,Y,Y,12.997,240
solar,"Shenzhen Lux Power Technology Co., Ltd.",LXP-LB-US 13K,240V,Y,Y,Y,12.9973,240
solar,"Shenzhen Lux Power Technology Co., Ltd.",LXP-LB-US 16K,208V,Y,Y,Y,13.898700000000002,208
solar,"Shenzhen Lux Power Technology Co., Ltd.",GEN-LB-US 16K,208V,Y,Y,Y,13.899,208
solar,"Shenzhen Lux Power Technology Co., Ltd.",GEN-LB-US 16K,240V,Y,Y,Y,16.153,240
solar,"Shenzhen Lux Power Technology Co., Ltd.",LXP-LB-US 16K,240V,Y,Y,Y,16.153200000000002,240
solar,"Shenzhen Lux Power Technology Co., Ltd.",GEN-HB-US 25K,208V,Y,Y,Y,21.6632,208
solar,"Shenzhen Lux Power Technology Co., Ltd.",GEN-HB-US 25K,240V,Y,Y,Y,25.12912778,240
solar,"Shenzhen Megarevo Technology Co., Ltd.",R5KH1NA,240V,Y,Y,Y,5.081,240
solar,"Shenzhen Megarevo Technology Co., Ltd.",R5KLNA,240V,Y,Y,Y,5.0897,240
solar,"Shenzhen Megarevo Technology Co., Ltd.",R6KH1NA,240V,Y,Y,Y,6.082,240
solar,"Shenzhen Megarevo Technology Co., Ltd.",R6KLNA,240V,Y,Y,Y,6.117,240
solar,"Shenzhen Megarevo Technology Co., Ltd.",R7K6H1NA,240V,Y,Y,Y,7.765,240
solar,"Shenzhen Megarevo Technology Co., Ltd.",R7K6LNA,240V,Y,Y,Y,7.765,240
solar,"Shenzhen Megarevo Technology Co., Ltd.",R8KLNA,240V,Y,Y,Y,8.084,240
solar,"Shenzhen Megarevo Technology Co., Ltd.",R8KLNA-P4,240V,Y,Y,Y,8.11097,240
solar,"Shenzhen Megarevo Technology Co., Ltd.",R8KH1NA,240V,Y,Y,Y,8.116,240
solar,"Shenzhen Megarevo Technology Co., Ltd.",R8KLNA-P6,240V,Y,Y,Y,8.180922,240
solar,"Shenzhen Megarevo Technology Co., Ltd.",R9KH1NA,240V,Y,Y,Y,9.103,240
solar,"Shenzhen Megarevo Technology Co., Ltd.",R10KH1NA,240V,Y,Y,Y,10.154,240
solar,"Shenzhen Megarevo Technology Co., Ltd.",R10KLNA,240V,Y,Y,Y,10.177,240
solar,"Shenzhen Megarevo Technology Co., Ltd.",R11K4H1NA,240V,Y,Y,Y,11.598,240
solar,"Shenzhen Megarevo Technology Co., Ltd.",R12KLNA-P4,240V,Y,Y,Y,12.137120000000001,240
solar,"Shenzhen Megarevo Technology Co., Ltd.",R12KLNA-P6,240V,Y,Y,Y,12.21352,240
solar,"Shenzhen Megarevo Technology Co., Ltd.",R12KH1NA,240V,Y,Y,Y,12.362,240
solar,"Shenzhen Megarevo Technology Co., Ltd.",R16LNA-P4,240V,Y,Y,Y,16.130920000000003,240
solar,"Shenzhen Megarevo Technology Co., Ltd.",R16KLNA-P6,240V,Y,Y,Y,16.19882,240
solar,Shenzhen Poweroak Newener Co Ltd,EP900,240V,Y,Y,N,9.23,240
solar,Shenzhen Poweroak Newener Co Ltd,EnergyPro 13K,240V,Y,Y,N,13.1961,240
solar,"Shenzhen Senergy Technology Co., Ltd.",SE 5KHB-130-D2/UL,208V,Y,Y,Y,5.02,208
solar,"Shenzhen Senergy Technology Co., Ltd.",SE 5KHB-130-D2/UL,240V,Y,Y,Y,5.04,240
solar,"Shenzhen Senergy Technology Co., Ltd.",SE 6KHB-130-D2/UL,208V,Y,Y,Y,6.124,208
solar,"Shenzhen Senergy Technology Co., Ltd.",SE 6KHB-130-D2/UL,240V,Y,Y,Y,6.149,240
solar,"Shenzhen Senergy Technology Co., Ltd.",SE 7K6HB-180-T2/UL,240V,Y,Y,Y,7.6472,240
solar,"Shenzhen Senergy Technology Co., Ltd.",SE 7K6HB-180-T2/UL,208V,Y,Y,Y,7.648,208
solar,"Shenzhen Senergy Technology Co., Ltd.",SE 8KHB-180-T2/UL,240V,Y,Y,Y,8.0472,240
solar,"Shenzhen Senergy Technology Co., Ltd.",SE 8KHB-180-T2/UL,208V,Y,Y,Y,8.06,208
solar,"Shenzhen Senergy Technology Co., Ltd.",SE 11K4HB-210-T2/UL,240V,Y,Y,Y,10.14,240
solar,"Shenzhen Senergy Technology Co., Ltd.",SE 10KHB-210-T2/UL,240V,Y,Y,Y,10.147200000000002,240
solar,"Shenzhen Senergy Technology Co., Ltd.",SE 10KHB-210-T2/UL,208V,Y,Y,Y,10.185799999999999,208
solar,"Shenzhen Senergy Technology Co., Ltd.",SE 11K4HB-210-T2/UL,208V,Y,Y,Y,10.186,208
solar,"Shenzhen Senergy Technology Co., Ltd.",SE 11K4HB-T2/LV-ULP,240V,Y,Y,Y,11.566895999999996,240
solar,"Shenzhen Senergy Technology Co., Ltd.",SE 11K4HB-T2/LV-ULP,208V,Y,Y,Y,11.608847999999998,208
solar,"Shenzhen Sinexcel Isuna Energy Technology Co., Ltd.",Isuna U10K-PH,240V,Y,Y,N,10.074,240
solar,"Shenzhen Sinexcel Isuna Energy Technology Co., Ltd.",Isuna U15K-PH,240V,Y,Y,N,15.042,240
solar,"Shenzhen Sinexcel Isuna Energy Technology Co., Ltd.",Isuna U20K-PH,240V,Y,Y,N,20.181,240
solar,"Shenzhen SOSEN Innovation Technology Co.,Ltd",SSE-HL8K-P2US,240V,Y,Y,N,7.9813860000000005,240
solar,"Shenzhen SOSEN Innovation Technology Co.,Ltd",SSE-HL8K-P2US-S,240V,Y,Y,N,7.9813860000000005,240
solar,"Shenzhen SOSEN Innovation Technology Co.,Ltd",SSE-HL10K-P2US,240V,Y,Y,N,10.010924,240
solar,"Shenzhen SOSEN Innovation Technology Co.,Ltd",SSE-HL10K-P2US-S,240V,Y,Y,N,10.010924,240
solar,"Shenzhen SOSEN Innovation Technology Co.,Ltd",SSE-HL12K-P2US,240V,Y,Y,N,12.01448,240
solar,"Shenzhen SOSEN Innovation Technology Co.,Ltd",SSE-HL12K-P2US-S,240V,Y,Y,N,12.01448,240
solar,"Shenzhen SOSEN Innovation Technology Co.,Ltd",SSE-HL15K-P2US,240V,Y,Y,N,15.01484,240
solar,"Shenzhen SOSEN Innovation Technology Co.,Ltd",SSE-HL15K-P2US-S,240V,Y,Y,N,15.01484,240
solar,"Siemens Industry, Inc.",blueplanet125 TL3 GEN2 M1 WM OD USP0,600V,N,Y,Y,136.47,600
solar,"Siemens Industry, Inc.",blueplanet125 TL3 GEN2 M1 WM OD USPX,600V,N,Y,Y,136.47,600
solar,"Siemens Industry, Inc.",blueplanet155 TL3 GEN2 M1 WM OD USP0,600V,N,Y,Y,155.916839,600
solar,"Siemens Industry, Inc.",blueplanet155 TL3 GEN2 M1 WM OD USPX,600V,N,Y,Y,155.916839,600
solar,"Sigenergy Technology Co., Ltd.",SigenMicro 384 US,240V,N,Y,N,0.38805999999999996,240
solar,"Sigenergy Technology Co., Ltd.",SigenMicro 480 US,240V,N,Y,N,0.484,240
solar,"Sigenergy Technology Co., Ltd.",SigenMicro 768 US,240V,N,Y,N,0.776,240
solar,"Sigenergy Technology Co., Ltd.",SigenMicro 960 US,240V,N,Y,N,0.969,240
solar,"Sigenergy Technology Co., Ltd.",SigenStor EC 4.8 SP US,240V,Y,Y,N,4.808,240
solar,"Sigenergy Technology Co., Ltd.",SigenStor EC 5.7 SP US,240V,Y,Y,N,5.776,240
solar,"Sigenergy Technology Co., Ltd.",SigenStor EC 7.6 SP US,240V,Y,Y,N,7.649,240
solar,"Sigenergy Technology Co., Ltd.",SigenStor EC 9.6 SP US,240V,Y,Y,N,9.6533,240
solar,"Sigenergy Technology Co., Ltd.",SigenStor EC SP US,240V,Y,Y,N,11.503,240
solar,"Sigenergy Technology Co., Ltd.",SigenStor EC SP US,208V,Y,Y,N,11.504,208
solar,SimpliPhi Power,SPHI-IN-6,120V,Y,N,Y,6.017662268,120
solar,SMA America,SB3.0-1SP-US-40,208V,N,N,Y,3,208
solar,SMA America,SB3.0-1SP-US-40,240V,N,N,Y,3,240
solar,SMA America,SB3.0-1SP-US-41,208V,N,N,Y,3,208
solar,SMA America,SB3.0-1SP-US-41,240V,N,N,Y,3,240
solar,SMA America,SB3.0-1TP-US-40,208V,N,N,Y,3,208
solar,SMA America,SB3.0-1TP-US-40,240V,N,N,Y,3,240
solar,SMA America,SB3.0-1TP-US-41,208V,N,N,Y,3,208
solar,SMA America,SB3.0-1TP-US-41,240V,N,N,Y,3,240
solar,SMA America,SBSE3.8-US-50,208V,Y,Y,N,3.33202,208
solar,SMA America,SB3.8-1SP-US-40,208V,N,N,Y,3.6,208
solar,SMA America,SB3.8-1TP-US-40,208V,N,N,Y,3.6,208
solar,SMA America,SB3.8-1SP-US-41,208V,N,N,Y,3.604,208
solar,SMA America,SB3.8-1TP-US-41,208V,N,N,Y,3.604,208
solar,SMA America,SB3.8-1SP-US-40,240V,N,N,Y,3.8,240
solar,SMA America,SB3.8-1TP-US-40,240V,N,N,Y,3.8,240
solar,SMA America,SB3.8-1SP-US-41,240V,N,N,Y,3.84,240
solar,SMA America,SB3.8-1TP-US-41,240V,N,N,Y,3.84,240
solar,SMA America,SBSE3.8-US-50,240V,Y,Y,N,3.86994,240
solar,SMA America,SBSE4.8-US-50,208V,Y,Y,N,4.16599,208
solar,SMA America,SBSE4.8-US-50,240V,Y,Y,N,4.82289,240
solar,SMA America,SBSE5.8-US-50,208V,Y,Y,N,4.99991,208
solar,SMA America,SB5.0-1SP-US-40,208V,N,N,Y,5,208
solar,SMA America,SB5.0-1SP-US-40,240V,N,N,Y,5,240
solar,SMA America,SB5.0-1SP-US-41,208V,N,N,Y,5,208
solar,SMA America,SB5.0-1SP-US-41,240V,N,N,Y,5,240
solar,SMA America,SB5.0-1TP-US-40,208V,N,N,Y,5,208
solar,SMA America,SB5.0-1TP-US-40,240V,N,N,Y,5,240
solar,SMA America,SB5.0-1TP-US-41,208V,N,N,Y,5,208
solar,SMA America,SB5.0-1TP-US-41,240V,N,N,Y,5,240
solar,SMA America,SB6.0-1SP-US-41,208V,N,N,Y,5.418,208
solar,SMA America,SB6.0-1TP-US-41,208V,N,N,Y,5.418,208
solar,SMA America,SB6.0-1SP-US-40,208V,N,N,Y,5.49,208
solar,SMA America,SB6.0-1TP-US-40,208V,N,N,Y,5.49,208
solar,SMA America,SBSE5.8-US-50,240V,Y,Y,N,5.77589,240
solar,SMA America,SB6.0-1SP-US-40,240V,N,N,Y,6,240
solar,SMA America,SB6.0-1SP-US-41,240V,N,N,Y,6,240
solar,SMA America,SB6.0-1TP-US-40,240V,N,N,Y,6,240
solar,SMA America,SB6.0-1TP-US-41,240V,N,N,Y,6,240
solar,SMA America,SBSE7.7-US-50,208V,Y,Y,N,6.644489999999999,208
solar,SMA America,SB7.0-1SP-US-40,208V,N,N,Y,6.92,208
solar,SMA America,SB7.0-1TP-US-40,208V,N,N,Y,6.92,208
solar,SMA America,SB7.7-1SP-US-40,208V,N,N,Y,6.92,208
solar,SMA America,SB7.7-1TP-US-40,208V,N,N,Y,6.92,208
solar,SMA America,SB7.0-1SP-US-41,208V,N,N,Y,6.923,208
solar,SMA America,SB7.0-1TP-US-41,208V,N,N,Y,6.923,208
solar,SMA America,SB7.7-1SP-US-41,208V,N,N,Y,6.923,208
solar,SMA America,SB7.7-1TP-US-41,208V,N,N,Y,6.923,208
solar,SMA America,SB7.0-1SP-US-40,240V,N,N,Y,7,240
solar,SMA America,SB7.0-1SP-US-41,240V,N,N,Y,7,240
solar,SMA America,SB7.0-1TP-US-40,240V,N,N,Y,7,240
solar,SMA America,SB7.0-1TP-US-41,240V,N,N,Y,7,240
solar,SMA America,SBSE7.7-US-50,240V,Y,Y,N,7.62198,240
solar,SMA America,SB7.7-1SP-US-40,240V,N,N,Y,7.68,240
solar,SMA America,SB7.7-1SP-US-41,240V,N,N,Y,7.68,240
solar,SMA America,SB7.7-1TP-US-40,240V,N,N,Y,7.68,240
solar,SMA America,SB7.7-1TP-US-41,240V,N,N,Y,7.68,240
solar,SMA America,SBSE9.6-US-50,208V,Y,Y,N,8.338,208
solar,SMA America,SBSE9.6-US-50,240V,Y,Y,N,9.569,240
solar,SMA America,SBSE11.5-US-50,208V,Y,Y,N,10.053,208
solar,SMA America,SBSE11.5-US-50,240V,Y,Y,N,11.483,240
solar,SMA America,STP12000TL-US-10,480V,N,N,Y,12,480
solar,SMA America,STP 13-US-50,208V,N,Y,N,13,208
solar,SMA America,STP15000TL-US-10,480V,N,N,Y,15,480
solar,SMA America,STP 20-US-50,480V,N,Y,N,20,480
solar,SMA America,STP20000TL-US-10,480V,N,N,Y,20,480
solar,SMA America,STP24000TL-US-10,480V,N,N,Y,24,480
solar,SMA America,STP 25-US-50,480V,N,Y,N,25,480
solar,SMA America,STP 27-US-80,208V,N,Y,N,26.757,208
solar,SMA America,STP 30-US-50,480V,N,Y,N,30,480
solar,SMA America,STP30000TL-US-10,480V,N,N,Y,30,480
solar,SMA America,STP 33-US-41,480V,N,Y,Y,33.3,480
solar,SMA America,STP 50-US-41,480V,N,Y,Y,50,480
solar,SMA America,STP50-US-40,480V,N,N,Y,50,480
solar,SMA America,STP 50-US-80,480V,N,Y,N,50.287,480
solar,SMA America,SHP FLEX-US-21,208V,N,Y,Y,55.076,208
solar,SMA America,STP 62-US-41,480V,N,Y,Y,62.5,480
solar,SMA America,STP 62-US-80,480V,N,Y,N,62.581,480
solar,SMA America,STP 70-US-80,480V,N,Y,N,70.466,480
solar,SMA America,SHP FLEX-US-21,320V,N,Y,Y,84.90365,320
solar,SMA America,SHP FLEX-US-21,380V,N,Y,Y,100.84204,380
solar,SMA America,SHP FLEX-US-21,385V,N,Y,Y,100.84204,385
solar,SMA America,SHP FLEX-US-21,400V,N,Y,Y,105.6325,400
solar,SMA America,SHP FLEX-US-21,420V,N,Y,Y,112.71399000000001,420
solar,SMA America,SHP 125-US-20,480V,N,N,Y,125,480
solar,SMA America,SHP 125-US-21,480V,N,Y,Y,125,480
solar,SMA America,SHP FLEX-US-21,480V,N,Y,Y,125.007,480
solar,SMA America,SHP 150-US-20,600V,N,N,Y,150,600
solar,SMA America,SHP 150-US-21,600V,N,Y,Y,150,600
solar,SMA America,SHP FLEX-US-21,600V,N,Y,Y,150.07867000000002,600
solar,SMA America,SHP 165-US-21,630V,N,Y,Y,165,630
solar,SMA America,SHP FLEX-US-21,630V,N,Y,Y,165.66217,630
solar,SMA America,SHP 172-US-21,660V,N,Y,Y,172,660
solar,SMA America,SHP FLEX-US-21,660V,N,Y,Y,172.81,660
solar,SMA America,SC-1850-US,385V,N,N,Y,1661,385
solar,SMA America,SC-2200-US,385V,N,N,Y,2079,385
solar,SMA America,SC 2500-EV-US,550V,N,N,Y,2353.87,550
solar,SMA America,SC 2750-EV-US,600V,N,N,Y,2600,600
solar,SMA America,SC 2660 UP-US 600V 2566A,600V,Y,Y,Y,2616.157,600
solar,SMA America,SC 2800 UP-US 630V 2566A,630V,Y,Y,Y,2747.472,630
solar,SMA America,SC 2930 UP-US 660V 2566A,660V,Y,Y,Y,2841.88,660
solar,SMA America,SC 3060 UP-US 690V 2566A,690V,Y,Y,Y,2951.143,690
solar,SMA America,SC 4000 UP-US 600V 3850A,600V,Y,N,Y,3650.134,600
solar,SMA America,SC 4200 UP-US 630V 3850A,630V,Y,N,Y,3832.828,630
solar,SMA America,SC 4400 UP-US 660V 3850A,660V,Y,N,Y,4017.113,660
solar,SMA America,SC 4600 UP-US 690V 3850A,690V,Y,N,Y,4198.235,690
solar,SolarEdge Technologies Ltd.,SE3000H-US,240V,Y,Y,Y ,2.962,240
solar,SolarEdge Technologies Ltd.,SE3000x,240V,N,N,Y,3.01,240
solar,SolarEdge Technologies Ltd.,SE3000x,208V,N,N,Y,3.02,208
solar,SolarEdge Technologies Ltd.,SE3300x,240V,N,N,Y,3.251,240
solar,SolarEdge Technologies Ltd.,SE3800H-US,208V,Y,Y,Y,3.255,208
solar,SolarEdge Technologies Ltd.,SE3300x,208V,N,N,Y,3.288,208
solar,SolarEdge Technologies Ltd.,NX3800T-US,208V,Y,Y,Y,3.33,208
solar,SolarEdge Technologies Ltd.,SE3800H-US,240V,Y,Y,Y,3.747,240
solar,SolarEdge Technologies Ltd.,SE3800A-US,240V,Y,N,Y,3.79,240
solar,SolarEdge Technologies Ltd.,NX3800T-US,240V,Y,Y,Y,3.84,240
solar,SolarEdge Technologies Ltd.,SE3800A-US,208V,N,N,Y,3.99,208
solar,SolarEdge Technologies Ltd.,NX5000T-US,208V,Y,Y,Y,4.3,208
solar,SolarEdge Technologies Ltd.,SE5000H-US,208V,Y,Y,Y,4.979,208
solar,SolarEdge Technologies Ltd.,SE5000x,208V,N,N,Y,4.98,208
solar,SolarEdge Technologies Ltd.,NX5000T-US,240V,Y,Y,Y,4.99,240
solar,SolarEdge Technologies Ltd.,NX5700T-US,208V,Y,Y,Y,4.99,208
solar,SolarEdge Technologies Ltd.,SE5000x,240V,N,N,Y,4.99,240
solar,SolarEdge Technologies Ltd.,SE5700H-US,208V,Y,Y,N,4.992967875000001,208
solar,SolarEdge Technologies Ltd.,NX6000T-US,208V,Y,Y,Y,5.02,208
solar,SolarEdge Technologies Ltd.,SE5000H-US,240V,Y,Y,Y,5.052,240
solar,SolarEdge Technologies Ltd.,SE6000H-US,208V,Y,Y,Y,5.054,208
solar,SolarEdge Technologies Ltd.,SE6000x,208V,N,N,Y,5.33,208
solar,SolarEdge Technologies Ltd.,SE5700H-US,240V,Y,Y,N,5.7,240
solar,SolarEdge Technologies Ltd.,NX5700T-US,240V,Y,Y,Y,5.76,240
solar,SolarEdge Technologies Ltd.,SE6000x,240V,N,N,Y,5.99,240
solar,SolarEdge Technologies Ltd.,NX6000T-US,240V,Y,Y,Y,6,208
solar,SolarEdge Technologies Ltd.,SE6000H-US,240V,Y,Y,Y ,6.046,240
solar,SolarEdge Technologies Ltd.,SE7600H-US,208V,Y,Y,N,6.5917807706,208
solar,SolarEdge Technologies Ltd.,NX7600T-US,208V,Y,Y,Y,6.65,208
solar,SolarEdge Technologies Ltd.,SE7600A-US,208V,N,N,Y,7.56,208
solar,SolarEdge Technologies Ltd.,SE7600H-US,240V,Y,Y,Y,7.616,240
solar,SolarEdge Technologies Ltd.,SE7600A-US,240V,Y,N,Y,7.625,240
solar,SolarEdge Technologies Ltd.,NX7600T-US,240V,Y,Y,Y,7.68,240
solar,SolarEdge Technologies Ltd.,NX9600T-US,208V,Y,Y,Y,8.32,208
solar,SolarEdge Technologies Ltd.,NX10000T-US,208V,Y,Y,Y,8.6,208
solar,SolarEdge Technologies Ltd.,SE10000H-US,208V,Y,Y,N,8.694270618,208
solar,SolarEdge Technologies Ltd.,SE9KUS,208V,N,N,Y,8.963,208
solar,SolarEdge Technologies Ltd.,SE9600H-US,240V,Y,Y,N,9.568491352999999,240
solar,SolarEdge Technologies Ltd.,SE9600H-US,208V,Y,Y,N,9.5783485856,208
solar,SolarEdge Technologies Ltd.,NX9600T-US,240V,Y,Y,Y,9.6,240
solar,SolarEdge Technologies Ltd.,SE10KUS,480V,N,N,Y,9.85,480
solar,SolarEdge Technologies Ltd.,SE10000A-US,208V,N,N,Y,9.93,208
solar,SolarEdge Technologies Ltd.,SE10000A-US,240V,N,N,Y,9.94,240
solar,SolarEdge Technologies Ltd.,NX11500T-US,208V,Y,Y,Y,9.98,208
solar,SolarEdge Technologies Ltd.,SE10000H-US,240V,Y,Y,Y,9.994,240
solar,SolarEdge Technologies Ltd.,NX10000T-US,240V,Y,Y,Y,10,240
solar,SolarEdge Technologies Ltd.,SE11400H-US,208V,Y,Y,Y,10.001,208
solar,SolarEdge Technologies Ltd.,SE10KUS,208V,N,Y,N,10.0337432,208
solar,SolarEdge Technologies Ltd.,NX13000T-US,208V,Y,Y,Y,11.2,208
solar,SolarEdge Technologies Ltd.,SE11400A-US,240V,N,N,Y,11.39,240
solar,SolarEdge Technologies Ltd.,SE11400H-US,240V,Y,Y,Y,11.393,240
solar,SolarEdge Technologies Ltd.,NX11500T-US,240V,Y,Y,Y,11.52,240
solar,SolarEdge Technologies Ltd.,NX13000T-US,240V,Y,Y,Y,13,240
solar,SolarEdge Technologies Ltd.,SE14.4KUS,208V,N,Y,Y,14.51,208
solar,SolarEdge Technologies Ltd.,SE43.2KUS,208V,N,Y,Y,14.51,208
solar,SolarEdge Technologies Ltd.,SE17.3KUS,208V,N,Y,Y,16.564,208
solar,SolarEdge Technologies Ltd.,SE50KUS,208V,N,Y,Y,16.564,208
solar,SolarEdge Technologies Ltd.,SE20KUS,480V,N,N,Y,20.05,480
solar,SolarEdge Technologies Ltd.,SE30KUS,480V,N,Y,Y,30.159,480
solar,SolarEdge Technologies Ltd.,SE100KUS,480V,N,Y,Y,33.3,480
solar,SolarEdge Technologies Ltd.,SE33.3KUS,480V,N,Y,Y,33.3,480
solar,SolarEdge Technologies Ltd.,SE66.6KUS,480V,N,Y,Y,33.3,480
solar,SolarEdge Technologies Ltd.,SE120KUS,480V,N,Y,Y ,40.252,480
solar,SolarEdge Technologies Ltd.,SE40KUS,480V,N,Y,Y,40.252,480
solar,SolarEdge Technologies Ltd.,SE80KUS,480V,N,Y,Y ,40.252,480
solar,SolarEdge Technologies Ltd.,SE110KUS,480V,N,Y,N,109.988108876,480
solar,SolarEdge Technologies Ltd.,SE250KUS,600V,N,Y,N,249.907,600
solar,SolarEdge Technologies Ltd.,SE285KUS,600V,N,Y,N,284.159,600
solar,SolarEdge Technologies Ltd.,SE330KUS,690V,N,Y,N,329.741,690
solar,Solaria Corporation,Solaria PowerXT-345R-AC,240V,N,N,Y,0.29,240
solar,Solaria Corporation,Solaria PowerXT-350R-AC,240V,N,N,Y,0.29,240
solar,Solaria Corporation,Solaria PowerXT-355R-AC,240V,N,N,Y,0.29,240
solar,Solaria Corporation,Solaria PowerXT-360R-AC,240V,N,N,Y,0.29,240
solar,Solaria Corporation,Solaria PowerXT-365R-AC,240V,N,N,Y,0.29,240
solar,Solaria Corporation,Solaria PowerXT-395R-PM-AC,240V,N,N,Y,0.348698,240
solar,Solaria Corporation,Solaria PowerXT-400R-PM-AC,240V,N,N,Y,0.348698,240
solar,Solaria Corporation,Solaria PowerXT-410R-PM-AC,240V,N,N,Y,0.348698,240
solar,Solaria Corporation,Solaria PowerXT-420R-PM-AC,240V,N,N,Y,0.348698,240
solar,SolarJuice American Inc.,S4A-H60,240V,Y,N,Y,5.57,240
solar,SolarJuice American Inc.,S4A-H70,240V,Y,N,Y,6.666,240
solar,SolarJuice American Inc.,S4A-H76,240V,Y,N,Y,7.642,240
solar,SolarJuice American Inc.,S4A-H86,240V,Y,N,Y,8.604,240
solar,Sol-Ark,SA-MP-1000-208/240V,208V,N,Y,N,1.001,208
solar,Sol-Ark,SA-MP-1000-208/240V,240V,N,Y,N,1.009,240
solar,Sol-Ark,5K-120V/8K-230V-1P,120V,Y,Y,N,4.787100000000001,120
solar,Sol-Ark,5K-120V/8K-230V-1P,240V,Y,Y,N,7.9703,240
solar,Sol-Ark,Limitless 10K-LV,208V,Y,Y,N,8.635,208
solar,Sol-Ark,Sol-Ark-12K-P,208V,Y,Y,Y ,8.818,208
solar,Sol-Ark,Sol-Ark-9k-48-ST,208V,Y,Y,Y,8.818,208
solar,Sol-Ark,Sol-Ark-8k-48-ST,240V,Y,Y,Y ,8.818088594,240
solar,Sol-Ark,Sol-Ark-12K-P,240V,Y,Y,Y ,8.982,240
solar,Sol-Ark,Sol-Ark-9k-48-ST,240V,Y,Y,Y,8.982,240
solar,Sol-Ark,Sol-Ark-8k-48-ST,208V,Y,Y,Y ,8.982168378,208
solar,Sol-Ark,Limitless 10K-LV,240V,Y,Y,N,9.97,240
solar,Sol-Ark,12K-2P-LL,240V,Y,Y,N,11.9628,240
solar,Sol-Ark,12K-2P-LL,208V,Y,Y,N,11.985328,208
solar,Sol-Ark,Limitless 15K-LV,208V,Y,Y,N,13.01,208
solar,Sol-Ark,Limitless 15K-LV,240V,Y,Y,N,15.04,240
solar,Sol-Ark,Limitless 18K-2P-LV,208V,Y,Y,N,15.5502,208
solar,Sol-Ark,Limitless 18K-2P-LV,240V,Y,Y,N,17.944200000000002,240
solar,Sol-Ark,30K-3P-208V,120V,Y,Y,N,30.025,120
solar,Sol-Ark,60K-3P-480V,277V,Y,Y,N,60.05,277
solar,"SolaX Power Network Technology (Zhe jiang) Co., Ltd.",A1-Micro 300P,240V,N,Y,N,0.32,240
solar,"SolaX Power Network Technology (Zhe jiang) Co., Ltd.",A1-Micro 400P,240V,N,Y,N,0.41,240
solar,"SolaX Power Network Technology (Zhe jiang) Co., Ltd.",A1-Micro 450P,240V,N,Y,N,0.458,240
solar,"SolaX Power Network Technology (Zhe jiang) Co., Ltd.",A1-Micro 500P,240V,N,Y,N,0.506,240
solar,"SolaX Power Network Technology (Zhe jiang) Co., Ltd.",A1-Micro 600P,240V,N,Y,N,0.594,240
solar,"SolaX Power Network Technology (Zhe jiang) Co., Ltd.",A1-HYB-3.8K-G2,240V,Y,Y,Y,3.805,240
solar,"SolaX Power Network Technology (Zhe jiang) Co., Ltd.",A1-HYB-5.0K-G2,240V,Y,Y,Y,5.003,240
solar,"SolaX Power Network Technology (Zhe jiang) Co., Ltd.",A1-Hybrid-6.0-US,240V,Y,N,Y,5.57,240
solar,"SolaX Power Network Technology (Zhe jiang) Co., Ltd.",A1-HYB-6.0K-G2,240V,Y,Y,Y,6.017,240
solar,"SolaX Power Network Technology (Zhe jiang) Co., Ltd.",A1-HYB-7.6K-G2,208V,Y,Y,Y,6.636368636,208
solar,"SolaX Power Network Technology (Zhe jiang) Co., Ltd.",A1-Hybrid-7.0-US,240V,Y,N,Y,6.666,240
solar,"SolaX Power Network Technology (Zhe jiang) Co., Ltd.",A1-HYB-7.6K-G2,240V,Y,Y,Y,7.593,240
solar,"SolaX Power Network Technology (Zhe jiang) Co., Ltd.",A1-Hybrid-7.6-US,240V,Y,N,Y,7.642,240
solar,"SolaX Power Network Technology (Zhe jiang) Co., Ltd.",A1-Hybrid-8.6-US,240V,Y,N,Y,8.604,240
solar,"Solvari, Inc.",SVR-A10-208,208V,N,Y,Y,0.303,208
solar,"Solvari, Inc.",SVR-A11-208,208V,N,Y,Y,0.343,208
solar,"Solvari, Inc.",SVR-A10-240,240V,N,Y,Y,0.346,240
solar,"Solvari, Inc.",SVR-A11-240,240V,N,Y,Y,0.398,240
solar,Sparq Systems,Q1200-4101,240V,N,N,Y,1.165,240
solar,Sparq Systems,Q1200-4102,240V,N,N,Y,1.203,240
solar,Sparq Systems,Q2000-4102,240V,N,N,Y,1.72,240
solar,SPITZER ENERGY COMPANY,SPZ-M800-S,208V,N,Y,N,0.721,208
solar,SPITZER ENERGY COMPANY,SPZ-M800-W,208V,N,Y,N,0.721,208
solar,SPITZER ENERGY COMPANY,SPZ-M800-S,240V,N,Y,N,0.723,240
solar,SPITZER ENERGY COMPANY,SPZ-M800-W,240V,N,Y,N,0.723,240
solar,SPITZER ENERGY COMPANY,SPZ-M1000-S,240V,N,Y,N,0.958,240
solar,SPITZER ENERGY COMPANY,SPZ-M1000-W,240V,N,Y,N,0.958,240
solar,SPITZER ENERGY COMPANY,SPZ-M1000-S,208V,N,Y,N,0.962,208
solar,SPITZER ENERGY COMPANY,SPZ-M1000-W,208V,N,Y,N,0.962,208
solar,SPITZER ENERGY COMPANY,SPZ 7.5KW-LV,208V,Y,Y,N,5.02,208
solar,SPITZER ENERGY COMPANY,SPZ 7.5KW-LV,240V,Y,Y,N,5.04,240
solar,SPITZER ENERGY COMPANY,SPZ 9KW-LV,208V,Y,Y,N,6.124,208
solar,SPITZER ENERGY COMPANY,SPZ 9KW-LV,240V,Y,Y,N,6.149,240
solar,SPITZER ENERGY COMPANY,SPZ 12KW-LV-A,240V,Y,Y,N,7.647,240
solar,SPITZER ENERGY COMPANY,SPZ 12KW-LV-A,208V,Y,Y,N,7.648,208
solar,SPITZER ENERGY COMPANY,SPZ 12KW-LV-B,240V,Y,Y,N,8.047,240
solar,SPITZER ENERGY COMPANY,SPZ 12KW-LV-B,208V,Y,Y,N,8.06,208
solar,SPITZER ENERGY COMPANY,SPZ 15KW-LV-B,240V,Y,Y,N,10.14,240
solar,SPITZER ENERGY COMPANY,SPZ 15KW-LV,240V,Y,Y,N,10.147,240
solar,SPITZER ENERGY COMPANY,SPZ 15KW-LV,208V,Y,Y,N,10.186,208
solar,SPITZER ENERGY COMPANY,SPZ 15KW-LV-B,208V,Y,Y,N,10.186,208
solar,"SRNE Solar Co.,Ltd",HEBP4880U240-Pro,208V,Y,Y,N,8.80850279233333,208
solar,"SRNE Solar Co.,Ltd",SEI-8K-UPRO,208V,Y,Y,N,8.80850279233333,208
solar,"SRNE Solar Co.,Ltd",HESP4880U200-H,208V,Y,Y,N,8.809,208
solar,"SRNE Solar Co.,Ltd",SEI-8K-UP,208V,Y,Y,N,8.809,208
solar,"SRNE Solar Co.,Ltd",HEBP4880U240-Pro,240V,Y,Y,N,8.80961279233333,240
solar,"SRNE Solar Co.,Ltd",SEI-8K-UPRO,240V,Y,Y,N,8.80961279233333,240
solar,"SRNE Solar Co.,Ltd",HESP4880U200-H,240V,Y,Y,N,8.81,240
solar,"SRNE Solar Co.,Ltd",SEI-8K-UP,240V,Y,Y,N,8.81,240
solar,"SRNE Solar Co.,Ltd",HEBP48100U240-Pro,208V,Y,Y,N,10.0056833333333,208
solar,"SRNE Solar Co.,Ltd",SEI-10K-UPRO,208V,Y,Y,N,10.0056833333333,208
solar,"SRNE Solar Co.,Ltd",HESP48100U200-H,208V,Y,Y,N,10.006,208
solar,"SRNE Solar Co.,Ltd",SEI-10K-UP,208V,Y,Y,N,10.006,208
solar,"SRNE Solar Co.,Ltd",HESP48100U200-H,240V,Y,Y,N,10.008,240
solar,"SRNE Solar Co.,Ltd",SEI-10K-UP,240V,Y,Y,N,10.008,240
solar,"SRNE Solar Co.,Ltd",HEBP48100U240-Pro,240V,Y,Y,N,10.0081833333333,240
solar,"SRNE Solar Co.,Ltd",SEI-10K-UPRO,240V,Y,Y,N,10.0081833333333,240
solar,"SRNE Solar Co.,Ltd",HEBP48114U240-Pro,240V,Y,Y,N,10.008239999999999,240
solar,"SRNE Solar Co.,Ltd",HEBP48114U240-Pro,208V,Y,Y,N,10.008987268,208
solar,"SRNE Solar Co.,Ltd",HESP48120U200-H,208V,Y,Y,N,10.397,208
solar,"SRNE Solar Co.,Ltd",SEI-12K-UP,208V,Y,Y,N,10.397,208
solar,"SRNE Solar Co.,Ltd",HEBP48120U240-Pro,208V,Y,Y,N,10.3972,208
solar,"SRNE Solar Co.,Ltd",SEI-12K-UPRO,208V,Y,Y,N,10.3972,208
solar,"SRNE Solar Co.,Ltd",HEBP48120U240-Pro,240V,Y,Y,N,11.9957333333333,240
solar,"SRNE Solar Co.,Ltd",SEI-12K-UPRO,240V,Y,Y,N,11.9957333333333,240
solar,"SRNE Solar Co.,Ltd",HESP48120U200-H,240V,Y,Y,N,11.996,240
solar,"SRNE Solar Co.,Ltd",SEI-12K-UP,240V,Y,Y,N,11.996,240
solar,Star Charge Americas Corp.,SI403LULA00,208V,Y,Y,N,3.315,208
solar,Star Charge Americas Corp.,SI403LULA00,240V,Y,Y,N,3.811,240
solar,Star Charge Americas Corp.,SI803LULA00,208V,Y,Y,N,6.635,208
solar,Star Charge Americas Corp.,SI803LULA00,240V,Y,Y,N,7.641,240
solar,Star Charge Americas Corp.,SI104LULA00,208V,Y,Y,N,8.304,208
solar,Star Charge Americas Corp.,SI104LULA00,240V,Y,Y,N,9.582,240
solar,Sun Gold Power Inc,SGN7.6K1HB-48,240V,Y,Y,Y,7.6472,240
solar,Sun Gold Power Inc,SGN7.6K1HB-48,208V,Y,Y,Y,7.648,208
solar,Sun Gold Power Inc,SGS-8K12MAX,208V,Y,Y,N,8.81,208
solar,Sun Gold Power Inc,SGS-8K12MAX,240V,Y,Y,N,8.81,240
solar,Sun Gold Power Inc,SGS-10K15MAX,208V,Y,Y,N,10.01,208
solar,Sun Gold Power Inc,SGS-10K15MAX,240V,Y,Y,N,10.01,240
solar,Sun Gold Power Inc,SGN11.4KHB-48,240V,Y,Y,Y,10.1396,240
solar,Sun Gold Power Inc,SGN10KHB-48,240V,Y,Y,Y,10.147200000000002,240
solar,Sun Gold Power Inc,SGN10KHB-48,208V,Y,Y,Y,10.185799999999999,208
solar,Sun Gold Power Inc,SGN11.4KHB-48,208V,Y,Y,Y,10.185799999999999,208
solar,Sun Gold Power Inc,SGS-12K18MAX,208V,Y,Y,N,10.4,208
solar,Sun Gold Power Inc,SGN-11K15PRO,240V,Y,Y,Y,11.566895999999996,240
solar,Sun Gold Power Inc,SGN-11K15PRO,208V,Y,Y,Y,11.608847999999998,208
solar,Sun Gold Power Inc,SGS-12K18MAX,240V,Y,Y,N,11.99,240
solar,Sungrow,SG36CX-US,480V,N,Y,Y,36.046,480
solar,Sungrow,SG60CX-US,480V,N,Y,Y,60.182,480
solar,"Sungrow Power Supply Co., Ltd.",SG60KU-M,480V,N,N,Y,60,480
solar,"Sungrow Power Supply Co., Ltd.",SG125HV,600V,N,N,Y,125,600
solar,"Sungrow Power Supply Co., Ltd.",SG200HX-US,600V,N,Y,N,200.444,600
solar,"Sungrow Power Supply Co., Ltd.",SG250HX-US,800V,Y,N,Y,226.997,800
solar,"Sungrow Power Supply Co., Ltd.",SG350HX-US,800V,N,Y,N,320.865,800
solar,"Sungrow Power Supply Co., Ltd.",SC1000KU,540V,Y,N,Y,1001.306,540
solar,"Sungrow Power Supply Co., Ltd.",SG3150UD-MV-US,600V,Y,Y,N,1053,600
solar,"Sungrow Power Supply Co., Ltd.",SG4400UD-MV-US,645V,Y,Y,N,1103,645
solar,"Sungrow Power Supply Co., Ltd.",SG2500U,550V,N,N,Y,2500,550
solar,"Sungrow Power Supply Co., Ltd.",SG3150U,630V,N,N,Y,3154.3,630
solar,"Sungrow Power Supply Co., Ltd.",SG3425UD,600V,N,Y,Y,3434.56,600
solar,"Sungrow Power Supply Co., Ltd.",SG3600UD,630V,N,Y,Y,3606.98,630
solar,SunPower,SPR-12000m-3,480V,N,N,Y,12,480
solar,SunPower,SPR-12000m-3-H,480V,N,N,Y,12,480
solar,SunPower,SPR-15000m-3,480V,N,N,Y,15,480
solar,SunPower,SPR-15000m-3-H,480V,N,N,Y,15,480
solar,SunPower,SPR-20000m-3,480V,N,N,Y,20,480
solar,SunPower,SPR-20000m-3-H,480V,N,N,Y,20,480
solar,SunPower,SPR-24000m-3,480V,N,N,Y,24.06,480
solar,SunPower,SPR-24000m-3-H,480V,N,N,Y,24.06,480
solar,SunPower,SPR-30000m-3,480V,N,N,Y,30.01,480
solar,"Suzhou Ample ESS Co., Ltd",AP-L8K-SPUS,240V,Y,Y,N,7.981386,240
solar,"Suzhou Ample ESS Co., Ltd",AP-L10K-SPUS,240V,Y,Y,N,10.010924,240
solar,"Suzhou Ample ESS Co., Ltd",AP-L12K-SPUS,240V,Y,Y,N,12.01448,240
solar,"Suzhou Ample ESS Co., Ltd",AP-L15K-SPUS,240V,Y,Y,N,15.01484,240
solar,"Tabuchi Electric Co., Ltd.",THD-S55P3BB-US,240V,Y,N,Y,5.51892,240
solar,"Tabuchi Electric Co., Ltd.",THD-S55P3B-US,240V,Y,N,Y,5.51892,240
solar,"Tabuchi Electric Co., Ltd.",THE-S55P3BB-USW,240V,Y,N,Y,5.51892,240
solar,Tesla Inc.,1534000-xx-y,208V,N,Y,Y,3.336,208
solar,Tesla Inc.,1534000-xx-y,240V,N,Y,Y,3.8,240
solar,Tesla Inc.,1538000-xx-y,208V,N,Y,Y,6.561,208
solar,Tesla Inc.,1538000-xx-y,240V,N,Y,Y,7.575,240
solar,Tesla Inc.,1707000-XX-Y,"240V, 10kW",Y,Y,N,9.991,240
solar,Tesla Inc.,1707000-XX-Y,"240V, 11.5kW",Y,Y,N,11.508,240
solar,"Tigo Energy, Inc",TSI-3.0K-US,208V,Y,Y,Y,2.626,208
solar,"Tigo Energy, Inc",TSI-3.0K-US,240V,Y,Y,Y,3.095,240
solar,"Tigo Energy, Inc",TSI-3.8K-US,208V,Y,Y,Y,3.324,208
solar,"Tigo Energy, Inc",TSI-3.8K-US,240V,Y,Y,Y,3.888,240
solar,"Tigo Energy, Inc",TSI-5.0K-US,208V,Y,Y,Y,4.28,208
solar,"Tigo Energy, Inc",TSI-5.0K-US,240V,Y,Y,Y,4.943,240
solar,"Tigo Energy, Inc",TSI-6.0K-US,208V,Y,Y,Y,5.143,208
solar,"Tigo Energy, Inc",TSI-6.0K-US,240V,Y,Y,Y,5.918,240
solar,"Tigo Energy, Inc",TSI-7.6K-US,208V,Y,Y,Y,6.58,208
solar,"Tigo Energy, Inc",TSI-8.2K-US,208V,Y,Y,Y,7.166,208
solar,"Tigo Energy, Inc",TSI-7.6K-US,240V,Y,Y,Y,7.524,240
solar,"Tigo Energy, Inc",TSI-9.0K-US,208V,Y,Y,Y,7.874,208
solar,"Tigo Energy, Inc",TSI-8.2K-US,240V,Y,Y,Y,8.251,240
solar,"Tigo Energy, Inc",TSI-10.0K-US,208V,Y,Y,Y,8.76,208
solar,"Tigo Energy, Inc",TSI-9.0K-US,240V,Y,Y,Y,9.063,240
solar,"Tigo Energy, Inc",TSI-11.4K-US,208V,Y,Y,Y,10.04,208
solar,"Tigo Energy, Inc",TSI-10.0K-US,240V,Y,Y,Y,10.082,240
solar,"Tigo Energy, Inc",TSI-11.4K-US,240V,Y,Y,Y,11.52,240
solar,TMEIC,PVU-L0840GR,630V,N,N,Y,794.693,630
solar,TMEIC Corporation,PVU-L0840URN,630V,N,Y,N,796.4681999999999,630
solar,"TSUNESS Co., Ltd",TSOL-M1600P,240V,N,N,Y,1.551,240
solar,Univix Power Solutions,UVX5KLNA,240V,Y,Y,Y,5,240
solar,Univix Power Solutions,UVX6KLNA,240V,Y,Y,Y,6,240
solar,Univix Power Solutions,UVX7.6KLNA,240V,Y,Y,Y,7.6,240
solar,Univix Power Solutions,UVX8KLNA,240V,Y,Y,Y,8,240
solar,Univix Power Solutions,UVX10KLNA,240V,Y,Y,Y,10,240
solar,Univix Power Solutions,UVX12KLNA,240V,Y,Y,Y,12,240
solar,Univix Power Solutions,UVX16LNA,240V,Y,Y,Y,16,240
solar,VOLTRONIC POWER TECHNOLOGY (SHENZHEN) CORP.,InfiniSolar WP LV 6KW,240V,Y,Y,Y,6,240
solar,VOLTRONIC POWER TECHNOLOGY (SHENZHEN) CORP.,InfiniSolar WP LV 6KW,120V,Y,Y,Y,6.017662268,120
solar,VOLTRONIC POWER TECHNOLOGY (SHENZHEN) CORP.,InfiniSolar WP 12KW Optimum,120V,Y,Y,Y,9.018600000000001,120
solar,VOLTRONIC POWER TECHNOLOGY (SHENZHEN) CORP.,InfiniSolar WP 12KW Optimum,240V,Y,Y,Y,9.018600000000001,240
solar,VOLTRONIC POWER TECHNOLOGY (SHENZHEN) CORP.,InfiniSolar WP LV 12KW,120V,Y,Y,Y,9.018600000000001,120
solar,VOLTRONIC POWER TECHNOLOGY (SHENZHEN) CORP.,InfiniSolar WP LV 12KW,240V,Y,Y,Y,9.018600000000001,240
solar,VOLTRONIC POWER TECHNOLOGY (SHENZHEN) CORP.,InfiniSolar WP 12KW Premium,120V,Y,Y,Y,10.029,120
solar,VOLTRONIC POWER TECHNOLOGY (SHENZHEN) CORP.,InfiniSolar WP 12KW Premium,240V,Y,Y,Y,10.029,240
solar,VOLTRONIC POWER TECHNOLOGY (SHENZHEN) CORP.,InfiniSolar WP LV 15KW,240V,Y,Y,Y,14.79,240
solar,VOLTRONIC POWER TECHNOLOGY (SHENZHEN) CORP.,InfiniSolar WP LV 15KW,120V,Y,Y,Y,15.036,120
solar,"Wanbang Digital Energy Co., Ltd.",SI104LULA00,208V,Y,Y,N,8.323,208
solar,"Wanbang Digital Energy Co., Ltd.",SI104LULA00,240V,Y,Y,N,9.58,240
solar,WSTECH GmbH,APS800-PV-1-440-5,440V,N,N,Y,814.167,440
solar,WSTECH GmbH,APS870-PV-1-480-5,480V,N,N,Y ,872.029,480
solar,WSTECH GmbH,APS1600-PV-2-440-5,440V,N,N,Y,1626.952,440
solar,WSTECH GmbH,APS1740-PV-2-480-5,480V,N,N,Y ,1735.36,480
solar,"Xiamen Kehua Digital Energy Tech Co., Ltd",iStoragE2A 7600,240V,Y,Y,N,7.5810227907830585,240
solar,"Xiamen Kehua Digital Energy Tech Co., Ltd",iStoragE2A 9600,240V,Y,Y,N,9.573264646770172,240
solar,"Xiamen Kehua Digital Energy Tech Co., Ltd",iStoragE2A 10000,240V,Y,Y,N,9.956302006955687,240
solar,"Xiamen Kehua Digital Energy Tech Co., Ltd",iStoragE2A 11400,240V,Y,Y,N,11.37051,240
solar,"Xiamen Kehua Digital Energy Tech Co., Ltd",iStoragE2A 12000,240V,Y,Y,N,11.96817,240
solar,"Xiamen Kehua Hengsheng Co., Ltd.",SPI50K-BHV,480V,N,N,Y,49.825,480
solar,"Xiamen Kehua Hengsheng Co., Ltd.",SPI60K-BHV,480V,N,N,Y,59.668,480
solar,Yaskawa Solectria Solar,PVI20TL-480-R,480V,N,N,Y,20,480
solar,Yaskawa Solectria Solar,PVI 25TL-208,208V,N,Y,Y,25,208
solar,Yaskawa Solectria Solar,PVI25TL-480-R,480V,N,Y,Y,25,480
solar,Yaskawa Solectria Solar,PVI 36TL-480,480V,N,N,Y,36,480
solar,Yaskawa Solectria Solar,PVI-36TL-480-V2,480V,N,Y,Y,36,480
solar,Yaskawa Solectria Solar,PVI 50TL-480,480V,N,Y,Y,50,480
solar,Yaskawa Solectria Solar,PVI-50TL-208,208V,N,Y,Y,50,208
solar,Yaskawa Solectria Solar,PVI 60TL-480,480V,N,Y,Y,60,480
solar,Yaskawa Solectria Solar,PVI-100TL-480,480V,N,Y,Y,100,480
solar,Yaskawa Solectria Solar,XGI 1500-125/125-3S,600V,Y,Y,N,125,600
solar,Yaskawa Solectria Solar,XGI 1500-125/125-UL,600V,N,Y,N,125,600
solar,Yaskawa Solectria Solar,XGI 1500-125/125-UL-A,600V,N,Y,N,125,600
solar,Yaskawa Solectria Solar,XGI 1500-125/150-UL,600V,N,Y,N,125,600
solar,Yaskawa Solectria Solar,XGI 1500-125/150-UL-A,600V,N,Y,N,125,600
solar,Yaskawa Solectria Solar,XGI 1500-150/166-UL,600V,N,Y,N,150,600
solar,Yaskawa Solectria Solar,XGI 1500-150/166-UL-A,600V,N,Y,N,150,600
solar,Yaskawa Solectria Solar,XGI 1500-166/166-3S,600V,Y,Y,N,166,600
solar,Yaskawa Solectria Solar,XGI 1500-166/166-UL,600V,N,Y,N,166,600
solar,Yaskawa Solectria Solar,XGI 1500-166/166-UL-A,600V,N,Y,N,166,600
solar,Yaskawa Solectria Solar,XGI 1500 175-480,480V,N,Y,N,175,480
solar,Yaskawa Solectria Solar,XGI 1500-175-480-DCG,480V,N,Y,N,175,480
solar,Yaskawa Solectria Solar,XGI 1500 200/200-480,480V,N,Y,N,200,480
solar,Yaskawa Solectria Solar,XGI 1500-200/200-480-DCG,480V,N,Y,N,200,480
solar,Yaskawa Solectria Solar,XGI 1500 225-600,600V,N,Y,N,225,600
solar,Yaskawa Solectria Solar,XGI 1500-225-600-DCG,600V,N,Y,N,225,600
solar,Yaskawa Solectria Solar,XGI 1500 250/250-600,600V,N,Y,N,250,600
solar,Yaskawa Solectria Solar,XGI 1500-250/250-600-DCG,600V,N,Y,N,250,600
solar,Yaskawa Solectria Solar,XGI 1500-0.50MW-600,600V,Y,Y,N,500,600
solar,Yaskawa Solectria Solar,SGI 500XTM,380V,N,N,Y,507,380
solar,Yaskawa Solectria Solar,XGI 1500-0.75MW-600,600V,Y,Y,N,750,600
solar,Yaskawa Solectria Solar,SGI 750XTM,380V,N,N,Y,753.2,380
solar,Yaskawa Solectria Solar,XGI 1500-0.85MW-600,600V,Y,Y,N,850,600
solar,Yaskawa Solectria Solar,XGI 1500-0.99MW-600,600V,Y,Y,N,999,600
solar,Yaskawa Solectria Solar,XGI 1500-1MW-600,600V,Y,Y,N,1000,600
solar,"Yotta Energy, Inc.",DPI-208,208V,N,Y,Y,1.733,208
solar,"Yotta Energy, Inc.",DPI-480,480V,N,Y,Y,1.821,480
solar,"Zhejiang Hyxi Technology Co., Ltd",HYX-M400-S-NA,208V,N,Y,N,0.366,208
solar,"Zhejiang Hyxi Technology Co., Ltd",HYX-M400-SW-NA,208V,N,Y,N,0.366,208
solar,"Zhejiang Hyxi Technology Co., Ltd",HYX-M400-S-NA,240V,N,Y,N,0.367,240
solar,"Zhejiang Hyxi Technology Co., Ltd",HYX-M400-SW-NA,240V,N,Y,N,0.367,240
solar,"Zhejiang Hyxi Technology Co., Ltd",HYX-M500-S-NA,208V,N,Y,N,0.478,208
solar,"Zhejiang Hyxi Technology Co., Ltd",HYX-M500-SW-NA,208V,N,Y,N,0.478,208
solar,"Zhejiang Hyxi Technology Co., Ltd",HYX-M500-S-NA,240V,N,Y,N,0.479,240
solar,"Zhejiang Hyxi Technology Co., Ltd",HYX-M500-SW-NA,240V,N,Y,N,0.479,240
solar,"Zhejiang Hyxi Technology Co., Ltd",HYX-M600-S-NA,208V,N,Y,N,0.548,208
solar,"Zhejiang Hyxi Technology Co., Ltd",HYX-M600-SW-NA,208V,N,Y,N,0.548,208
solar,"Zhejiang Hyxi Technology Co., Ltd",HYX-M600-S-NA,240V,N,Y,N,0.549,240
solar,"Zhejiang Hyxi Technology Co., Ltd",HYX-M600-SW-NA,240V,N,Y,N,0.549,240
solar,"Zhejiang Hyxi Technology Co., Ltd",HYX-M600-S,240V,N,Y,N,0.6041200000000001,240
solar,"Zhejiang Hyxi Technology Co., Ltd",HYX-M600-SW,240V,N,Y,N,0.6041200000000001,240
solar,"Zhejiang Hyxi Technology Co., Ltd",HYX-M600-S,208V,N,Y,N,0.60836,208
solar,"Zhejiang Hyxi Technology Co., Ltd",HYX-M600-SW,208V,N,Y,N,0.60836,208
solar,"Zhejiang Hyxi Technology Co., Ltd",HYX-M800-S-NA,208V,N,Y,N,0.721,208
solar,"Zhejiang Hyxi Technology Co., Ltd",HYX-M800-SW-NA,208V,N,Y,N,0.721,208
solar,"Zhejiang Hyxi Technology Co., Ltd",HYX-M800-S-NA,240V,N,Y,N,0.723,240
solar,"Zhejiang Hyxi Technology Co., Ltd",HYX-M800-SW-NA,240V,N,Y,N,0.723,240
solar,"Zhejiang Hyxi Technology Co., Ltd",HYX-M800-S,240V,N,Y,N,0.8001240000000001,240
solar,"Zhejiang Hyxi Technology Co., Ltd",HYX-M800-SW,240V,N,Y,N,0.8001240000000001,240
solar,"Zhejiang Hyxi Technology Co., Ltd",HYX-M800-S,208V,N,Y,N,0.8003899999999999,208
solar,"Zhejiang Hyxi Technology Co., Ltd",HYX-M800-SW,208V,N,Y,N,0.8003899999999999,208
solar,"Zhejiang Hyxi Technology Co., Ltd",HYX-M1000-S-NA,240V,N,Y,N,0.958,240
solar,"Zhejiang Hyxi Technology Co., Ltd",HYX-M1000-SW-NA,240V,N,Y,N,0.958,240
solar,"Zhejiang Hyxi Technology Co., Ltd",HYX-M1000-S-NA,208V,N,Y,N,0.962,208
solar,"Zhejiang Hyxi Technology Co., Ltd",HYX-M1000-SW-NA,208V,N,Y,N,0.962,208
solar,"Zhejiang Hyxi Technology Co., Ltd",HYX-M1000-S,208V,N,Y,N,0.9937980000000001,208
solar,"Zhejiang Hyxi Technology Co., Ltd",HYX-M1000-SW,208V,N,Y,N,0.9937980000000001,208
solar,"Zhejiang Hyxi Technology Co., Ltd",HYX-M1000-S,240V,N,Y,N,1.0621559999999999,240
solar,"Zhejiang Hyxi Technology Co., Ltd",HYX-M1000-SW,240V,N,Y,N,1.0621559999999999,240
solar,"Zhejiang Hyxi Technology Co., Ltd",HYX-M1800-S-NA,208V,N,Y,N,1.655,208
solar,"Zhejiang Hyxi Technology Co., Ltd",HYX-M1800-SW-NA,208V,N,Y,N,1.655,208
solar,"Zhejiang Hyxi Technology Co., Ltd",HYX-M1800-S-NA,240V,N,Y,N,1.656,240
solar,"Zhejiang Hyxi Technology Co., Ltd",HYX-M1800-SW-NA,240V,N,Y,N,1.656,240
solar,"Zhejiang Hyxi Technology Co., Ltd",HYX-M2000-S-NA,240V,N,Y,N,1.91,240
solar,"Zhejiang Hyxi Technology Co., Ltd",HYX-M2000-SW-NA,240V,N,Y,N,1.91,240
solar,"Zhejiang Hyxi Technology Co., Ltd",HYX-M2000-S-NA,208V,N,Y,N,1.914,208
solar,"Zhejiang Hyxi Technology Co., Ltd",HYX-M2000-SW-NA,208V,N,Y,N,1.914,208
solar,"Zhejiang Hyxi Technology Co., Ltd",HYX-H-HSPA,240V,Y,Y,N,11.147,240
solar,"Zhuhai Ruixu Electronic Technology Co., Ltd",RX-12K,208V,Y,Y,N,9.88067,208
solar,"Zhuhai Ruixu Electronic Technology Co., Ltd",RX-12K,240V,Y,Y,N,11.2981,240
battery,"Afore New Energy Technology (Shanghai) Co., Ltd.",AF4.6K-DH,240V,Y,N,Y,4.6,240
battery,"Afore New Energy Technology (Shanghai) Co., Ltd.",AF5K-DH,240V,Y,N,Y,4.998,240
battery,"Afore New Energy Technology (Shanghai) Co., Ltd.",AF6K-DH,240V,Y,N,Y,5.995,240
battery,"Afore New Energy Technology (Shanghai) Co., Ltd.",AF7K-DH,240V,Y,N,Y,6.996,240
battery,"Afore New Energy Technology (Shanghai) Co., Ltd.",AF7.6K-DH,240V,Y,N,Y,7.599,240
battery,"Afore New Energy Technology (Shanghai) Co., Ltd.",AF8K-DH,240V,Y,N,Y,7.999,240
battery,"Afore New Energy Technology (Shanghai) Co., Ltd.",AF8.6K-DH,240V,Y,N,Y,8.596,240
battery,"Afore New Energy Technology (Shanghai) Co., Ltd.",AF9.6K-DH,240V,Y,N,Y,9.592,240
battery,AIMS Power Inc.,PIHY4600,240V,Y,N,Y,4.60042,240
battery,AIMS Power Inc.,PIHY9600,240V,Y,N,Y,9.592,240
battery,"Alpha ESS Co., Ltd.",SMILE-SP7.6-INV,240V,Y,Y,N,7.644,240
battery,"Alpha ESS Co., Ltd.",SMILE-SPB7.6-INV,240V,N,Y,N,7.648,240
battery,"Alpha ESS Co., Ltd.",SMILE-SPB9.6-INV,240V,N,Y,N,9.616,240
battery,"Alpha ESS Co., Ltd.",SMILE-SP9.6-INV,240V,Y,Y,N,9.628,240
battery,Altenergy Power System Inc.,ELS-3K,240V,N,Y,Y,3.685,240
battery,Altenergy Power System Inc.,ELS-5K,240V,N,Y,Y,5.008,240
battery,Altenergy Power System Inc.,ELS-7.6,208V,N,Y,N,6.606,208
battery,Altenergy Power System Inc.,ELS-7.6,240V,N,Y,N,7.609,240
battery,Altenergy Power System Inc.,ELS-9.6,208V,N,Y,N,8.308,208
battery,Altenergy Power System Inc.,ELS-9.6,240V,N,Y,N,9.606,240
battery,Altenergy Power System Inc.,ELS-11.4,208V,N,Y,N,10.011,208
battery,Altenergy Power System Inc.,ELS-11.4,240V,N,Y,N,11.415,240
battery,"Amensolar Ess Co., Ltd",N3H-X5.0-US,240V,Y,Y,N,5.09,240
battery,"Amensolar Ess Co., Ltd",N3H-X5US,240V,Y,Y,N,5.09,240
battery,"Amensolar Ess Co., Ltd",N3H-X6.0-US,240V,Y,Y,N,6.117,240
battery,"Amensolar Ess Co., Ltd",N3H-X7.6-US,240V,Y,Y,N,7.765,240
battery,"Amensolar Ess Co., Ltd",N3H-X8.0-US,240V,Y,Y,N,8.084,240
battery,"Amensolar Ess Co., Ltd",N3H-X8US,240V,Y,Y,N,8.084,240
battery,"Amensolar Ess Co., Ltd",N3H-X10.0-US,240V,Y,Y,N,10.177,240
battery,"Amensolar Ess Co., Ltd",N3H-X10US,240V,Y,Y,N,10.177,240
battery,"Amensolar Ess Co., Ltd",N3H-X12US,240V,Y,Y,N,12.214,240
battery,"Amensolar Ess Co., Ltd",N3H-X16US,240V,Y,Y,N,16.199,240
battery,Anker Innovations Limited,X1-P6K-US,240V,N,Y,N,6.04,240
battery,Anker Innovations Limited,A17E1,240V,Y,Y,N,7.687,240
battery,"Base Power, Inc",MIN 3000TL-XH-US,240V,Y,Y,N,3.095,240
battery,"Base Power, Inc",MIN 3800TL-XH-US,240V,Y,Y,N,3.888,240
battery,"Base Power, Inc",MIN 5000TL-XH-US,240V,Y,Y,N,4.943,240
battery,"Base Power, Inc",MIN 6000TL-XH-US,240V,Y,Y,N,5.918,240
battery,"Base Power, Inc",MIN 7600TL-XH-US,240V,Y,Y,N,7.524,240
battery,"Base Power, Inc",MIN 8200TL-XH-US,240V,Y,Y,N,8.251,240
battery,"Base Power, Inc",MIN 9000TL-XH-US,240V,Y,Y,N,9.063,240
battery,"Base Power, Inc",MIN 10000TL-XH-US,240V,Y,Y,N,10.082,240
battery,"Base Power, Inc",MIN 11400TL-XH-US,240V,Y,Y,N,11.52,240
battery,BYD Auto Industry Company Limited,BEG60KTL-U-R1,480V,N,Y,Y,60.276,480
battery,BYD Auto Industry Company Limited,BEG500KTL-U,480V,N,N,Y,501.756,480
battery,BYD Auto Industry Company Limited,BEG500KTL-U/01,480V,N,N,Y,501.756,480
battery,CE+T America Inc.,30C,480V,Y,N,Y,29.99,480
battery,CE+T America Inc.,30C3,480V,Y,N,Y,29.99,480
battery,"CESC New Energy Technology Co., Ltd.",Mars 9600 HVSP,240V,Y,N,Y,9.592,240
battery,Chint Power Systems America,CPS ECH7.6KTL/US,208V,Y,Y,Y,7.57,208
battery,Chint Power Systems America,CPS ECH7.6KTL/US,240V,Y,Y,Y,7.57,240
battery,Chint Power Systems America,CPS ECH9.6KTL/US,240V,Y,Y,Y,9.54,240
battery,Chint Power Systems America,CPS ECH9.6KTL/US,208V,Y,Y,Y,9.55,208
battery,Chint Power Systems America,CPS ECH11.4KTL/US,208V,Y,Y,Y,11.35,208
battery,Chint Power Systems America,CPS ECH11.4KTL/US,240V,Y,Y,Y,11.36,240
battery,Chint Power Systems America,CPS ECH12KTL/US,240V,Y,Y,Y,11.99,240
battery,Chint Power Systems America,CPS ECH12KTL/US,208V,Y,Y,Y,12,208
battery,Chint Power Systems America,CPS ECB30KTL-O/US,480V,N,N,Y,30.26,480
battery,Chint Power Systems America,CPS ECB62.5KTL-M/US-480,480V,N,Y,Y,62.5,480
battery,Chint Power Systems America,CPS ECB125KTL-M/US-480,480V,N,Y,Y,125,480
battery,Chint Power Systems America,CPS ECB200KTL/US-800,800V,N,Y,Y,200,800
battery,"CSI Solar Co., Ltd.",CSEC-200K-T6901A-U,690V,N,Y,N,200.7056,690
battery,"CSI Solar Co., Ltd.",CSEC-215K-T6901A-U,690V,N,Y,N,215.9366,690
battery,Darfon Electronics Corp.,HB51xxxxxx,240V,N,N,Y,4.665,240
battery,Darfon Electronics Corp.,H5001xxxxxx,240V,Y,N,Y,4.844,240
battery,Darfon Electronics Corp.,H5000xxxxxx,240V,Y,N,Y,5.074,240
battery,Darfon Electronics Corp.,H7xxxxxx,240V,Y,N,Y,9.60401,240
battery,dcbel Inc.,Dcbel Ara (DBHS-ARxx-xx),240V,Y,Y,N,7.624,240
battery,Delta Electronics,E4_BDI,208V,Y,Y,Y,3.3413399999999993,208
battery,Delta Electronics,E4-TL-US,208V,Y,Y,Y,3.36,208
battery,Delta Electronics,E4-TL-US(AC),208V,N,Y,Y,3.364,208
battery,Delta Electronics,E4-TL-US,240V,Y,Y,Y,3.87,240
battery,Delta Electronics,E4-TL-US(AC),240V,N,Y,Y,3.888,240
battery,Delta Electronics,E4_BDI,240V,Y,Y,Y,3.8981800000000004,240
battery,Delta Electronics,E6-TL-US,208V,Y,Y,Y,4.992,208
battery,Delta Electronics,E6-TL-US(AC),208V,N,Y,Y,5,208
battery,Delta Electronics,E6-TL-US(AC),240V,N,Y,Y,5,240
battery,Delta Electronics,E6_BDI,208V,Y,Y,Y,5.025,208
battery,Delta Electronics,E6-TL-US,240V,Y,Y,Y,5.76,240
battery,Delta Electronics,E6_BDI,240V,Y,Y,Y,5.823,240
battery,Delta Electronics,E8-TL-US(AC),240V,N,Y,Y,6.494,240
battery,Delta Electronics,E8-TL-US(AC),208V,N,Y,Y,6.5,208
battery,Delta Electronics,E8-TL-US,208V,Y,Y,Y,6.656,208
battery,Delta Electronics,E8 Plus-TL-US,208V,Y,Y,Y,6.6768,208
battery,Delta Electronics,E8_BDI,208V,Y,Y,Y,6.677,208
battery,Delta Electronics,E8 Plus-TL-US(AC),208V,N,Y,Y,6.685,208
battery,Delta Electronics,E8-TL-US,240V,Y,Y,Y,7.68,240
battery,Delta Electronics,E8 Plus-TL-US,240V,Y,Y,Y,7.7159689912000005,240
battery,Delta Electronics,E8_BDI,240V,Y,Y,Y,7.716,240
battery,Delta Electronics,E8 Plus-TL-US(AC),240V,N,Y,Y,7.72,240
battery,Delta Electronics,E10-TL-US(AC),208V,N,Y,Y,8.327200000000001,208
battery,Delta Electronics,E10_BDI,208V,Y,Y,Y,8.4,208
battery,Delta Electronics,E10-TL-US,208V,Y,Y,Y,8.4,208
battery,Delta Electronics,E10-TL-US(AC),240V,N,Y,Y,9.6318,240
battery,Delta Electronics,E10_BDI,240V,Y,Y,Y,9.674,240
battery,Delta Electronics,E10-TL-US,240V,Y,Y,Y,9.674,240
battery,Delta Electronics,S12_BDI,208V,Y,Y,Y,10.056799999999999,208
battery,Delta Electronics,S12_BDI,240V,Y,Y,Y,11.5886,240
battery,Delta Electronics,E30-TL,277V,Y,N,Y,30.488,277
battery,Delta Electronics,PCS125HV,480V,N,Y,N,124.312,480
battery,Delta Electronics,DES10JB125K01,480V,N,N,Y,125,480
battery,Delta Electronics,PCS125,480V,N,N,Y,125,480
battery,Delta Electronics,PCS125HVM,480V,N,Y,N,125.18,480
battery,Delta Electronics,EPCS-1200US,480V,N,Y,N,1216.71,480
battery,Delta Electronics,EPCS-1500US,600V,N,Y,N,1509.889,600
battery,Delta Electronics,EPCS-1725US,690V,N,Y,N,1725.451,690
battery,Delta Electronics,DWE2100-US,480V,N,N,Y,1887.74,480
battery,Delta Electronics,PCSC1935,480V,N,Y,N,1938.126,480
battery,Delta Electronics,PCS2328S-XXX-US,600V,N,Y,N,2327.94,600
battery,Delta Electronics,DWE2800-US,480V,N,N,Y,2513.388,480
battery,Delta Electronics,PCS2580X-X00-US,690V,N,Y,N,2582.5,690
battery,Delta Electronics,PCSC2782,690V,N,Y,N,2813.66,690
battery,Delta Electronics,PCSC2834,550V,N,Y,N,2842.48,550
battery,Delta Electronics,PCSC3556,690V,N,Y,N,3570.33,690
battery,Delta Electronics,PCS4300X-X01-US,690V,N,Y,N,4009,690
battery,Delta Electronics,DWE4150-EV-US,600V,N,Y,N,4162.102,600
battery,Delta Electronics,PCS4300X-X00-US,690V,N,Y,N,4308.4,690
battery,DYNAPOWER COMPANY LLC,MPS-100,480V,N,N,Y,98.861,480
battery,DYNAPOWER COMPANY LLC,MPS-125EHV,480V,N,Y,Y,123.458,480
battery,DYNAPOWER COMPANY LLC,MPS-250,480V,N,N,Y,248.91,480
battery,DYNAPOWER COMPANY LLC,MPS-250HV,480V,N,N,Y,249.619,480
battery,DYNAPOWER COMPANY LLC,CPS-1250 Gen5,350V,N,Y,N,582.49,350
battery,DYNAPOWER COMPANY LLC,CPS-1250 Gen5,415V,N,Y,N,691.248,415
battery,DYNAPOWER COMPANY LLC,CPS-1250 Gen5,480V,N,Y,N,799.592,480
battery,DYNAPOWER COMPANY LLC,CPS-1250 Gen5,600V,N,Y,N,999.576,600
battery,DYNAPOWER COMPANY LLC,CPS-1250 Gen5,690V,N,Y,N,1146.1,690
battery,DYNAPOWER COMPANY LLC,CPS-1500 Gen4,480V,N,N,Y,1199.64,480
battery,DYNAPOWER COMPANY LLC,CPS-1250 Gen5,800V,N,Y,N,1294.18,800
battery,DYNAPOWER COMPANY LLC,CPS-2500 Gen5,415V,N,Y,N,1353.7,415
battery,DYNAPOWER COMPANY LLC,CPS-1500 Gen4,600V,N,N,Y,1498.66,600
battery,DYNAPOWER COMPANY LLC,CPS-2500 Gen5,480V,N,Y,N,1572.92,480
battery,DYNAPOWER COMPANY LLC,CPS-2500 Gen5,600V,N,Y,N,1922.32,600
battery,DYNAPOWER COMPANY LLC,CPS-2500 Gen5,690V,N,Y,N,2212.64,690
battery,"Dyness Digital Energy Technology Co., LTD.",TX5K-AM,240V,N,Y,N,5.016,240
battery,"Dyness Digital Energy Technology Co., LTD.",TX5K-HM,240V,Y,Y,N,5.02,240
battery,"Dyness Digital Energy Technology Co., LTD.",TX6K-HM,240V,Y,Y,N,6.018,240
battery,"Dyness Digital Energy Technology Co., LTD.",TX6K-AM,240V,N,Y,N,6.028,240
battery,"Dyness Digital Energy Technology Co., LTD.",TX7.6K-AM,240V,N,Y,N,7.636,240
battery,"Dyness Digital Energy Technology Co., LTD.",TX7.6K-HM,240V,Y,Y,N,7.64,240
battery,"Dyness Digital Energy Technology Co., LTD.",TX9.6K-HM,240V,Y,Y,N,9.648,240
battery,"Dyness Digital Energy Technology Co., LTD.",TX9.6K-AM,240V,N,Y,N,9.662,240
battery,"Dyness Digital Energy Technology Co., LTD.",TX11.4K-HM,240V,Y,Y,N,11.498,240
battery,"Dyness Digital Energy Technology Co., LTD.",TX11.4K-AM,240V,N,Y,N,11.519,240
battery,EcoFlow Inc.,EF-PCS-24,"208V, 11.5kW",Y,Y,N,11.443604,208
battery,EcoFlow Inc.,EF-PCS-24,"240V, 11.5kW",Y,Y,N,11.444227999999999,240
battery,EcoFlow Inc.,EF-PCS-24,"240V, 24kW",Y,Y,N,24.012305999999995,240
battery,EcoFlow Inc.,EF-PCS-24,"208V, 24kW",Y,Y,N,24.291386000000003,208
battery,EG4 Electronics LLC,IV-8000-HYB-AW,208V,Y,Y,Y,7.8599499999999995,208
battery,EG4 Electronics LLC,IV-8000-HYB-AW,240V,Y,Y,Y,7.86266,240
battery,EG4 Electronics LLC,18KPV-12LV,208V,Y,Y,Y,10.499,208
battery,EG4 Electronics LLC,IV-13000-HYB-AW-FX-xx,208V,Y,Y,Y,11.325,208
battery,EG4 Electronics LLC,18KPV-12LV,240V,Y,Y,Y,11.933,240
battery,EG4 Electronics LLC,IV-13000-HYB-AW-FX-xx,240V,Y,Y,Y,12.997,240
battery,EG4 Electronics LLC,IV-16000-HYB-AW-FX-xx,208V,Y,Y,Y,13.898700000000002,208
battery,EG4 Electronics LLC,IV-16000-HYB-AW-FX-xx,240V,Y,Y,Y,16.153200000000002,240
battery,Energizer Solar,Force 3.8DC,240V,Y,Y,Y,3.713042,240
battery,Energizer Solar,Force 5.7DC,240V,Y,Y,Y,5.74818,240
battery,Energizer Solar,Force 7.6DC,240V,Y,Y,Y,7.72034,240
battery,Energizer Solar,Force 9.6DC,240V,Y,Y,Y,9.609126,240
battery,Energizer Solar,Force 11.4DC,240V,Y,Y,Y,11.51192,240
battery,"Enphase Energy, Inc.",IQ8X-BAT-US,240V,N,Y,Y,0.315,240
battery,"Enphase Energy, Inc.",IQ8X-BAT-US-NB,240V,N,Y,Y,0.315,240
battery,"Enphase Energy, Inc.",IQ8D-BAT,208V,N,Y,Y,0.5549190307617187,208
battery,"Enphase Energy, Inc.",IQ8D-BAT-DOM,208V,N,Y,Y,0.5549190307617187,208
battery,"Enphase Energy, Inc.",IQ8D-BAT,240V,N,Y,Y,0.638770690917968,240
battery,"Enphase Energy, Inc.",IQ8D-BAT-240,240V,N,Y,Y,0.638770690917968,240
battery,"Enphase Energy, Inc.",IQ8D-BAT-DOM,240V,N,Y,Y,0.638770690917968,240
battery,"Enphase Energy, Inc.",IQBATTERY-10C-1P-NA,240V,N,Y,Y,7.08,240
battery,"Enphase Energy, Inc.",IQBATTERY-10CS-1P-NA,240V,N,Y,Y,7.08,240
battery,EPC Power Corp.,HY LC12/6-7,480V,Y,N,Y,220.033,480
battery,EPC Power Corp.,50-100122,480V,N,N,Y,250.19,480
battery,EPC Power Corp.,50-100205,480V,N,Y,Y,250.19,480
battery,EPC Power Corp.,50-200100,350V,N,Y,N,273.231,350
battery,EPC Power Corp.,50-200100,480V,N,Y,N,375.012,480
battery,EPC Power Corp.,50-100100,208V,N,Y,Y ,452.6,208
battery,EPC Power Corp.,50-200100,600V,N,Y,N,468.347,600
battery,EPC Power Corp.,50-200100,630V,N,Y,N,491.26196858723955,630
battery,EPC Power Corp.,50-100A-BCDEF-G,480V,N,N,Y,499.13,480
battery,EPC Power Corp.,50-100195,480V,N,Y,Y,502.268,480
battery,EPC Power Corp.,50-200100,660V,N,Y,N,515.071700032552,660
battery,EPC Power Corp.,50-200100,690V,N,Y,N,537.035,690
battery,EPC Power Corp.,50-200100,720V,N,Y,N,561.806,720
battery,EPC Power Corp.,50-200100,850V,N,Y,N,663.5777551269531,850
battery,EPC Power Corp.,50-100100,480V,N,Y,Y ,1036.84,480
battery,EPC Power Corp.,50-100181,480V,Y,Y,Y,1044.2,480
battery,EPC Power Corp.,50-100181,600V,Y,Y,Y,1304.151,600
battery,EPC Power Corp.,50-100100,690V,N,Y,Y ,1499.86,690
battery,EPC Power Corp.,50-100181,690V,Y,Y,Y,1504.9,690
battery,"Eternalplanet Energy Co., Ltd",HNA2-S11G6,240V,Y,Y,N,11.349,240
battery,"Eternalplanet Energy Co., Ltd",HNA2-S11G7,240V,Y,Y,N,11.349,240
battery,"Eternalplanet Energy Co., Ltd",HNA2-S11G5,"208V, 5.0kW",Y,Y,N,5.0315,208
battery,"Eternalplanet Energy Co., Ltd",HNA2-S11G6,"208V, 5.0kW",Y,Y,N,5.0315,208
battery,"Eternalplanet Energy Co., Ltd",HNA2-S11G7,"208V, 5.0kW",Y,Y,N,5.0315,208
battery,"Eternalplanet Energy Co., Ltd",HNA2-S11G5,"240V, 5.8kW",Y,Y,N,5.8122,240
battery,"Eternalplanet Energy Co., Ltd",HNA2-S11G6,"240V, 5.8kW",Y,Y,N,5.8122,240
battery,"Eternalplanet Energy Co., Ltd",HNA2-S11G7,"240V, 5.8kW",Y,Y,N,5.8122,240
battery,"Eternalplanet Energy Co., Ltd",HNA2-S11G5,"208V, 6.6kW",Y,Y,N,6.68,208
battery,"Eternalplanet Energy Co., Ltd",HNA2-S11G6,"208V, 6.6kW",Y,Y,N,6.68,208
battery,"Eternalplanet Energy Co., Ltd",HNA2-S11G7,"208V, 6.6kW",Y,Y,N,6.68,208
battery,"Eternalplanet Energy Co., Ltd",HNA2-S11G5,"240V, 7.6kW",Y,Y,N,7.6,240
battery,"Eternalplanet Energy Co., Ltd",HNA2-S11G6,"240V, 7.6kW",Y,Y,N,7.6,240
battery,"Eternalplanet Energy Co., Ltd",HNA2-S11G7,"240V, 7.6kW",Y,Y,N,7.6,240
battery,"Eternalplanet Energy Co., Ltd",HNA2-S11G5,"240V, 9.6kW",Y,Y,N,9.63,240
battery,"Eternalplanet Energy Co., Ltd",HNA2-S11G6,"240V, 9.6kW",Y,Y,N,9.63,240
battery,"Eternalplanet Energy Co., Ltd",HNA2-S11G7,"240V, 9.6kW",Y,Y,N,9.63,240
battery,"Eternalplanet Energy Co., Ltd",HNA2-S11G5,"208V, 9.9kW",Y,Y,N,9.9,208
battery,"Eternalplanet Energy Co., Ltd",HNA2-S11G6,"208V, 9.9kW",Y,Y,N,9.9,208
battery,"Eternalplanet Energy Co., Ltd",HNA2-S11G7,"208V, 9.9kW",Y,Y,N,9.9,208
battery,"Eternalplanet Energy Co., Ltd",HNA2-S11G5,"240V, 11.5kW",Y,Y,N,11.34938,240
battery,Expert Computer Int'l Inc.,ExpertPower 10KW Hybrid Inverter,240V,Y,Y,N,9.0186,240
battery,"Fengfan Co., Ltd. Power Supply Branch",SPT-OMOBFP1-A-6KW,120V,Y,Y,N,6.017662268,120
battery,Fortress Power LLC,Avalon HV PC50,240V,Y,Y,Y,5.0016576146,240
battery,Fortress Power LLC,EdgeOn Duo 7.5,208V,Y,Y,Y,5.02,208
battery,Fortress Power LLC,EdgeOn Duo 7.5,240V,Y,Y,Y,5.04,240
battery,Fortress Power LLC,EdgeOn Duo 9,208V,Y,Y,Y,6.12366,208
battery,Fortress Power LLC,EdgeOn Duo 9,240V,Y,Y,Y,6.149320000000001,240
battery,Fortress Power LLC,Avalon HV PC76,240V,Y,Y,Y,7.604300439,240
battery,Fortress Power LLC,EdgeOn Duo 12 Lite,240V,Y,Y,Y,7.6472,240
battery,Fortress Power LLC,EdgeOn Duo 12 Lite,208V,Y,Y,Y,7.648,208
battery,Fortress Power LLC,FP-ENVY-8K,208V,Y ,Y ,N,7.8599499999999995,208
battery,Fortress Power LLC,FP-ENVY-8K,240V,Y ,Y ,N,7.86266,240
battery,Fortress Power LLC,EdgeOn Duo 12,240V,Y,Y,Y,8.0472,240
battery,Fortress Power LLC,EdgeOn Duo 12,208V,Y,Y,Y,8.06,208
battery,Fortress Power LLC,FP-ENVY-10K,208V,Y,Y,N,9.757729999999999,208
battery,Fortress Power LLC,FP-ENVY-10K,240V,Y,Y,N,9.75858,240
battery,Fortress Power LLC,Avalon HV PC100,240V,Y,Y,Y,10.0006784874,240
battery,Fortress Power LLC,EdgeOn Duo 15,240V,Y,Y,Y,10.1396,240
battery,Fortress Power LLC,EdgeOn Duo 15 Lite,240V,Y,Y,Y,10.1472,240
battery,Fortress Power LLC,EdgeOn Duo 15,208V,Y,Y,Y,10.185799999999999,208
battery,Fortress Power LLC,EdgeOn Duo 15 Lite,208V,Y,Y,Y,10.185799999999999,208
battery,Fortress Power LLC,FP-ENVY-12K,208V,Y,Y,N,10.499373879999998,208
battery,Fortress Power LLC,Avalon HV PC114,240V,Y,Y,Y,11.40596,240
battery,Fortress Power LLC,EdgeOn Duo 15 Pro,240V,Y,Y,Y,11.566896,240
battery,Fortress Power LLC,EdgeOn Duo 15 Pro,208V,Y,Y,Y,11.608847999999998,208
battery,Fortress Power LLC,FP-ENVY-12K,240V,Y,Y,N,11.932559999999999,240
battery,Fortress Power LLC,FP-Envy 15K,208V,Y,Y,Y,13.899,208
battery,Fortress Power LLC,FP-Envy Duo 21,208V,Y,Y,Y,13.899,208
battery,Fortress Power LLC,FP-Envy 15K,240V,Y,Y,Y,16.153,240
battery,Fortress Power LLC,FP-Envy Duo 21,240V,Y,Y,Y,16.153,240
battery,Fortress Power LLC,FP-Nano-30k-L,208V,Y,Y,N,25.883548,208
battery,Fortress Power LLC,FP-Nano-30k-L,220V,Y,Y,N,27.379,220
battery,Fortress Power LLC,FP-Nano-30k-L,240V,Y,Y,N,29.834174,240
battery,Fortress Power LLC,FP-Nano-30k-N,480V,Y,Y,N,29.884702,480
battery,Fortress Power LLC,FP-Nano-40k-N,480V,Y,Y,N,39.844002,480
battery,Fortress Power LLC,FP-Nano-50k-N,480V,Y,Y,N,49.80341867,480
battery,Fortress Power LLC,FP-Nano-60k-N,480V,Y,Y,N,59.763,480
battery,"FOXESS CO., LTD.",H1-3.8-US,240V,Y,Y,Y,3.7130419999999997,240
battery,"FOXESS CO., LTD.",AC1-3.8-US,240V,N,Y,Y,3.737954,240
battery,"FOXESS CO., LTD.",AIO-AC1-3.8-US,240V,N,Y,Y,3.78178,240
battery,"FOXESS CO., LTD.",AIO-H1-3.8-US,240V,Y,Y,Y,3.79722,240
battery,"FOXESS CO., LTD.",AIO-H1-5.7-US,240V,Y,Y,Y,5.6866,240
battery,"FOXESS CO., LTD.",AIO-AC1-5.7-US,240V,N,Y,Y,5.698039999999999,240
battery,"FOXESS CO., LTD.",AC1-5.7-US,240V,N,Y,Y,5.723476000000001,240
battery,"FOXESS CO., LTD.",H1-5.7-US,240V,Y,Y,Y,5.7481800000000005,240
battery,"FOXESS CO., LTD.",AC1-7.6-US,240V,N,Y,Y,7.564111999999999,240
battery,"FOXESS CO., LTD.",AIO-H1-7.6-US,240V,Y,Y,Y,7.58568,240
battery,"FOXESS CO., LTD.",AIO-AC1-7.6-US,240V,N,Y,Y,7.593160000000001,240
battery,"FOXESS CO., LTD.",H1-7.6-US,240V,Y,Y,Y,7.720340000000001,240
battery,"FOXESS CO., LTD.",AC1-9.6-US,240V,N,Y,Y,9.418610000000001,240
battery,"FOXESS CO., LTD.",AIO-H1-9.6-US,240V,Y,Y,Y,9.575239999999999,240
battery,"FOXESS CO., LTD.",AIO-AC1-9.6-US,240V,N,Y,Y,9.58486,240
battery,"FOXESS CO., LTD.",H1-9.6-US,240V,Y,Y,Y,9.609126,240
battery,"FOXESS CO., LTD.",AIO-AC1-11.4-US,240V,N,Y,Y,11.3393,240
battery,"FOXESS CO., LTD.",AIO-H1-11.4-US,240V,Y,Y,Y,11.361180000000001,240
battery,"FOXESS CO., LTD.",AC1-11.4-US,240V,N,Y,Y,11.439689999999999,240
battery,"FOXESS CO., LTD.",H1-11.4-US,240V,Y,Y,Y,11.511920000000002,240
battery,"FOXESS CO., LTD.",H3-70-Plus-US-L,208V,Y,Y,N,69.35,208
battery,"FOXESS CO., LTD.",H3-150-Plus-US-H,480V,Y,Y,N,149.243,480
battery,FranklinWH Energy Storage Inc.,aPower Syyy,240V,Y,Y,N,9.77644,240
battery,FranklinWH Energy Storage Inc.,aPower Syyy,208V,Y,Y,N,9.78508,208
battery,FranklinWH Energy Storage Inc.,aPower Syyy,"208V, 10kW",Y,Y,N,10.016,208
battery,FranklinWH Energy Storage Inc.,aPower Syyy,"240V, 10kW",Y,Y,N,10.076,240
battery,FranklinWH Energy Storage Inc.,aPower Syyy,"240V, 11.5kW",Y,Y,N,11.554,240
battery,FranklinWH Energy Storage Inc.,aPower Syyy,"208V, 11.5kW",Y,Y,N,11.577,208
battery,Fronius International GmbH,Primo GEN24 3.8 208-240,240V,Y,Y,Y,3.802,240
battery,Fronius International GmbH,Primo GEN24 3.8 208-240 Plus,240V,Y,Y,Y,3.802,240
battery,Fronius International GmbH,Primo GEN24 3.8 208-240,208V,Y,Y,Y,3.805,208
battery,Fronius International GmbH,Primo GEN24 3.8 208-240 Plus,208V,Y,Y,Y,3.805,208
battery,Fronius International GmbH,Primo GEN24 5.0 208-240,208V,Y,Y,Y,5.006,208
battery,Fronius International GmbH,Primo GEN24 5.0 208-240 Plus,208V,Y,Y,Y,5.006,208
battery,Fronius International GmbH,Primo GEN24 5.0 208-240,240V,Y,Y,Y,5.007,240
battery,Fronius International GmbH,Primo GEN24 5.0 208-240 Plus,240V,Y,Y,Y,5.007,240
battery,Fronius International GmbH,Primo GEN24 6.0 208-240,208V,Y,Y,Y,5.743,208
battery,Fronius International GmbH,Primo GEN24 6.0 208-240 Plus,208V,Y,Y,Y,5.743,208
battery,Fronius International GmbH,Primo GEN24 6.0 208-240,240V,Y,Y,Y,6.004,240
battery,Fronius International GmbH,Primo GEN24 6.0 208-240 Plus,240V,Y,Y,Y,6.004,240
battery,Fronius International GmbH,Primo GEN24 7.7 208-240,240V,Y,Y,Y,7.686,240
battery,Fronius International GmbH,Primo GEN24 7.7 208-240 Plus,240V,Y,Y,Y,7.686,240
battery,Fronius International GmbH,Primo GEN24 7.7 208-240,208V,Y,Y,Y,7.689,208
battery,Fronius International GmbH,Primo GEN24 7.7 208-240 Plus,208V,Y,Y,Y,7.689,208
battery,Fronius International GmbH,Primo GEN24 10.0 208-240,208V,Y,Y,Y,9.454,208
battery,Fronius International GmbH,Primo GEN24 10.0 208-240 Plus,208V,Y,Y,Y,9.454,208
battery,Fronius International GmbH,Primo GEN24 10.0 208-240,240V,Y,Y,Y,10.019,240
battery,Fronius International GmbH,Primo GEN24 10.0 208-240 Plus,240V,Y,Y,Y,10.019,240
battery,GE Renewable Energy,RIU-2500-U,550V,Y,N,Y,2507.194,550
battery,"Generac Power Systems, Inc.",X7602,240V,Y,N,Y,7.586,240
battery,"Generac Power Systems, Inc.",XVT076A03,240V,Y,Y,Y,7.606,240
battery,"Generac Power Systems, Inc.",X11402,208V,Y,N,Y,11.18,208
battery,"Generac Power Systems, Inc.",APKE00075,240V,N,Y,N,11.472824000000001,240
battery,"Generac Power Systems, Inc.",XVT114G03,208V,Y,N,Y,11.748,208
battery,General Motors Energy LLC,GM Energy Inverter e1.11,208V,Y,Y,N,10.056799999999999,208
battery,General Motors Energy LLC,GM Energy Inverter e1.11,240V,Y,Y,N,11.5886,240
battery,Geneverse Energy Inc.,GVI-HS-5K-USM,240V,Y,Y,N,5.089666,240
battery,Geneverse Energy Inc.,GVI-HS-6K-USM,240V,Y,Y,N,6.117181999999999,240
battery,Geneverse Energy Inc.,GVI-HS-7K6-USM,240V,Y,Y,N,7.76472,240
battery,Geneverse Energy Inc.,GVI-HS-8K-USM,240V,Y,Y,N,8.08416,240
battery,Geneverse Energy Inc.,GVI-HS-10K-USM,240V,Y,Y,N,10.17666,240
battery,"Ginlong Technologies Co., Ltd.",S6-EH1P3.8K-H-US,240V,Y,Y,Y,3.8009800000000005,240
battery,"Ginlong Technologies Co., Ltd.",S6-EH1P5K-H-US,240V,Y,Y,Y,5.0016576146,240
battery,"Ginlong Technologies Co., Ltd.",RHI-1P5K-HVES-5G,240V,Y,N,Y,5.003,240
battery,"Ginlong Technologies Co., Ltd.",RHI-1P6K-HVES-5G,240V,Y,N,Y,6.004,240
battery,"Ginlong Technologies Co., Ltd.",RHI-1P7K-HVES-5G,240V,Y,N,Y,7.006,240
battery,"Ginlong Technologies Co., Ltd.",RHI-1P7.6K-HVES-5G,240V,Y,N,Y,7.603,240
battery,"Ginlong Technologies Co., Ltd.",S6-EH1P7.6K-H-US,240V,Y,Y,Y,7.604,240
battery,"Ginlong Technologies Co., Ltd.",RHI-1P8K-HVES-5G,240V,Y,N,Y,8.006,240
battery,"Ginlong Technologies Co., Ltd.",RHI-1P9K-HVES-5G,240V,Y,N,Y,9.006,240
battery,"Ginlong Technologies Co., Ltd.",S6-EH2P9.6K03-SV-YD-L-US,240V,Y,Y,N,9.647099999999998,240
battery,"Ginlong Technologies Co., Ltd.",S6-EH1P9.9K-H-US,240V,Y,Y,Y,9.99,240
battery,"Ginlong Technologies Co., Ltd.",S6-EH1P10K-H-US,240V,Y,Y,Y,10.001,240
battery,"Ginlong Technologies Co., Ltd.",RHI-1P10K-HVES-5G,240V,Y,N,Y,10.005,240
battery,"Ginlong Technologies Co., Ltd.",S6-EH1P11.4K-H-US,240V,Y,Y,Y,11.406,240
battery,"Ginlong Technologies Co., Ltd.",S6-EH2P11.4K03-SV-YD-L-US,240V,Y,Y,N,11.41,240
battery,"Ginlong Technologies Co., Ltd.",S6-EH2P12K03-SV-YD-L-US-E,240V,Y,Y,N,11.939,240
battery,"Ginlong Technologies Co., Ltd.",S6-EH2P12K03-SV-YD-L-US,240V,Y,Y,N,11.94,240
battery,"Ginlong Technologies Co., Ltd.",S6-EH2P14K03-SV-YD-L-US,240V,Y,Y,N,13.96,240
battery,"Ginlong Technologies Co., Ltd.",S6-EH2P16K03-SV-YD-L-US,240V,Y,Y,N,15.911,240
battery,"Ginlong Technologies Co., Ltd.",S6-EH2P16K03-SV-YD-L-US-E,240V,Y,Y,N,15.94,240
battery,"Ginlong Technologies Co., Ltd.",S6-EH3P30K03-LV-YD-H-US(21A),208V,Y,Y,N,25.883547999999998,208
battery,"Ginlong Technologies Co., Ltd.",S6-EH3P30K03-LV-YD-H-US,208V,Y,Y,N,25.9,208
battery,"Ginlong Technologies Co., Ltd.",S6-EH3P30K03-LV-YD-H-US,240V,Y,Y,N,29.705,240
battery,"Ginlong Technologies Co., Ltd.",S6-EH3P30K03-LV-YD-H-US(21A),240V,Y,Y,N,29.834173999999997,240
battery,"Ginlong Technologies Co., Ltd.",S6-EH3P30K03-NV-YD-H-US(21A),480V,Y,Y,N,29.884702,480
battery,"Ginlong Technologies Co., Ltd.",S6-EH3P30K03-NV-YD-H-US,480V,Y,Y,N,29.891,480
battery,"Ginlong Technologies Co., Ltd.",S6-EH3P40K04-NV-YD-H-US,480V,Y,Y,N,39.802933333333335,480
battery,"Ginlong Technologies Co., Ltd.",S6-EH3P40K04-NV-YD-H-US(21A),480V,Y,Y,N,39.844002,480
battery,"Ginlong Technologies Co., Ltd.",S6-EH3P50K04-NV-YD-H-US,480V,Y,Y,N,49.80026666666667,480
battery,"Ginlong Technologies Co., Ltd.",S6-EH3P50K04-NV-YD-H-US(21A),480V,Y,Y,N,49.803418666666666,480
battery,"Ginlong Technologies Co., Ltd.",S6-EH3P60K04-NV-YD-H-US,480V,Y,Y,N,59.709794,480
battery,"Ginlong Technologies Co., Ltd.",S6-EH3P60K04-NV-YD-H-US(21A),480V,Y,Y,N,59.763,480
battery,"Ginlong Technologies Co., Ltd.",S6-EH3P75K10-LV-YD-H-US,208V,Y,Y,N,70.042,208
battery,"Ginlong Technologies Co., Ltd.",S6-EH3P75K10-LV-YD-H-US,240V,Y,Y,N,74.94,240
battery,"Ginlong Technologies Co., Ltd.",S6-EH3P100K10-NV-YD-H-US,480V,Y,Y,N,99.945,480
battery,"Ginlong Technologies Co., Ltd.",S6-EH3P125K10-NV-YD-H-US,480V,Y,Y,N,124.925,480
battery,"Ginlong Technologies Co., Ltd.",S6-EH3P150K10-NV-YD-H-US,480V,Y,Y,N,149.923,480
battery,Global Tech China Ltd.,SSM-6.0-SPHYB-UL,208V,Y,Y,N,6.124,208
battery,Global Tech China Ltd.,SSM-6.0-SPHYB-UL,240V,Y,Y,N,6.149,240
battery,Global Tech China Ltd.,SSM-7.6-SPHYB-UL,240V,Y,Y,N,7.6472,240
battery,Global Tech China Ltd.,SSM-7.6-SPHYB-UL,208V,Y,Y,N,7.648,208
battery,Global Tech China Ltd.,SSM-11.4-SPHYB-UL,240V,Y,Y,N,10.14,240
battery,Global Tech China Ltd.,SSM-11.4-SPHYB-UL,208V,Y,Y,N,10.186,208
battery,Go Electric Inc.,250-480-60-HLT,480V,N,N,Y ,259.2,480
battery,"GoodWe Technologies Co., Ltd.",GEC5.0-1U-US20,240V,N,Y,N,4.9828,240
battery,"GoodWe Technologies Co., Ltd.",GW5000-SBP-US20,240V,N,Y,N,4.9828,240
battery,"GoodWe Technologies Co., Ltd.",GW5000H-ES,240V,Y,Y,Y,4.989,240
battery,"GoodWe Technologies Co., Ltd.",GEH5.0-1U-US20,240V,Y,Y,N,5.0047,240
battery,"GoodWe Technologies Co., Ltd.",GW5000-ES-US20,240V,Y,Y,N,5.0047,240
battery,"GoodWe Technologies Co., Ltd.",GEC5.0-1U-US10,240V,N,Y,Y,5.031,240
battery,"GoodWe Technologies Co., Ltd.",GW5000A-BP,240V,N,Y,Y,5.031,240
battery,"GoodWe Technologies Co., Ltd.",GEH5.0-1U-US10,240V,Y,Y,Y,5.0675,240
battery,"GoodWe Technologies Co., Ltd.",GW5000A-ES,240V,Y,Y,Y,5.0675,240
battery,"GoodWe Technologies Co., Ltd.",GEH6.0-1U-US20,240V,Y,Y,N,5.9973,240
battery,"GoodWe Technologies Co., Ltd.",GW6000-ES-US20,240V,Y,Y,N,5.9973,240
battery,"GoodWe Technologies Co., Ltd.",GEC6.0-1U-US20,240V,N,Y,N,6.0097,240
battery,"GoodWe Technologies Co., Ltd.",GW6000-SBP-US20,240V,N,Y,N,6.0097,240
battery,"GoodWe Technologies Co., Ltd.",GEC6.0-1U-US10,240V,N,Y,Y,6.03,240
battery,"GoodWe Technologies Co., Ltd.",GW6000A-BP,240V,N,Y,Y,6.03,240
battery,"GoodWe Technologies Co., Ltd.",GEH6.0-1U-US10,240V,Y,Y,Y,6.109,240
battery,"GoodWe Technologies Co., Ltd.",GW6000A-ES,240V,Y,Y,Y,6.109,240
battery,"GoodWe Technologies Co., Ltd.",GEH7.0-1U-US10,240V,Y,Y,Y,7.057,240
battery,"GoodWe Technologies Co., Ltd.",GW7000A-ES,240V,Y,Y,Y,7.057,240
battery,"GoodWe Technologies Co., Ltd.",GEC7.0-1U-US10,240V,N,Y,Y,7.059,240
battery,"GoodWe Technologies Co., Ltd.",GW7000A-BP,240V,N,Y,Y,7.059,240
battery,"GoodWe Technologies Co., Ltd.",GEC7.6-1U-US20,240V,N,Y,N,7.5855,240
battery,"GoodWe Technologies Co., Ltd.",GW7600-SBP-US20,240V,N,Y,N,7.5855,240
battery,"GoodWe Technologies Co., Ltd.",GEH7.6-1U-US20,240V,Y,Y,N,7.5882,240
battery,"GoodWe Technologies Co., Ltd.",GW7600-ES-US20,240V,Y,Y,N,7.5882,240
battery,"GoodWe Technologies Co., Ltd.",GEH7.6-1U-US10,240V,Y,Y,Y,7.644,240
battery,"GoodWe Technologies Co., Ltd.",GW7600A-ES,240V,Y,Y,Y,7.644,240
battery,"GoodWe Technologies Co., Ltd.",GEC7.6-1U-US10,240V,N,Y,Y,7.648,240
battery,"GoodWe Technologies Co., Ltd.",GW7600A-BP,240V,N,Y,Y,7.648,240
battery,"GoodWe Technologies Co., Ltd.",GEH8.6-1U-US10,240V,Y,Y,Y,8.614,240
battery,"GoodWe Technologies Co., Ltd.",GW8600A-ES,240V,Y,Y,Y,8.614,240
battery,"GoodWe Technologies Co., Ltd.",GEC8.6-1U-US10,240V,N,Y,Y,8.68,240
battery,"GoodWe Technologies Co., Ltd.",GW8600A-BP,240V,N,Y,Y,8.68,240
battery,"GoodWe Technologies Co., Ltd.",GEH9.6-1U-US20,240V,Y,Y,N,9.586200000000002,240
battery,"GoodWe Technologies Co., Ltd.",GW9600-ES-US20,240V,Y,Y,N,9.586200000000002,240
battery,"GoodWe Technologies Co., Ltd.",GEC9.6-1U-US20,240V,N,Y,N,9.6031,240
battery,"GoodWe Technologies Co., Ltd.",GW9600-SBP-US20,240V,N,Y,N,9.6031,240
battery,"GoodWe Technologies Co., Ltd.",GEC9.6-1U-US10,240V,N,Y,Y,9.616,240
battery,"GoodWe Technologies Co., Ltd.",GW9600A-BP,240V,N,Y,Y,9.616,240
battery,"GoodWe Technologies Co., Ltd.",GEH9.6-1U-US10,240V,Y,Y,Y,9.628,240
battery,"GoodWe Technologies Co., Ltd.",GW9600A-ES,240V,Y,Y,Y,9.628,240
battery,"GoodWe Technologies Co., Ltd.",GW9600H-ES,240V,Y,Y,Y,9.628,240
battery,"GoodWe Technologies Co., Ltd.",GEH11.4-1U-US20,240V,Y,Y,N,11.379299999999999,240
battery,"GoodWe Technologies Co., Ltd.",GW11K4-ES-US20,240V,Y,Y,N,11.379299999999999,240
battery,"GoodWe Technologies Co., Ltd.",GEC11.4-1U-US20,240V,N,Y,N,11.3919,240
battery,"GoodWe Technologies Co., Ltd.",GW11K4-SBP-US20,240V,N,Y,N,11.3919,240
battery,"Green Solutions (Chengdu) Co., Ltd",H12K-US,208V,Y,Y,N,10.49,208
battery,"Green Solutions (Chengdu) Co., Ltd",H12K-US,240V,Y,Y,N,11.93,240
battery,"Gridwiz Co., Ltd",Gridwiz-PCS 300,380V,N,Y,N,300.42,380
battery,"Guangzhou Sanjing Electric Co., Ltd.",H2-5K-LS3-US,208V,Y,Y,N,4.363,208
battery,"Guangzhou Sanjing Electric Co., Ltd.",H2-5K-LS3-US,240V,Y,Y,N,5.067,240
battery,"Guangzhou Sanjing Electric Co., Ltd.",H2-7.6K-S3-US,208V,Y,Y ,N,6.605,208
battery,"Guangzhou Sanjing Electric Co., Ltd.",H2-7.6K-LS3-US,208V,Y,Y,N,6.609,208
battery,"Guangzhou Sanjing Electric Co., Ltd.",H2-7.6K-S3-US,240V,Y,Y ,N,7.606,240
battery,"Guangzhou Sanjing Electric Co., Ltd.",H2-7.6K-LS3-US,240V,Y,Y,N,7.61,240
battery,"Guangzhou Sanjing Electric Co., Ltd.",H2-9.6K-LS4-US,208V,Y,Y,N,8.316,208
battery,"Guangzhou Sanjing Electric Co., Ltd.",H2-10K-S4-US,208V,Y,Y ,N,8.798,208
battery,"Guangzhou Sanjing Electric Co., Ltd.",H2-9.6K-LS4-US,240V,Y,Y,N,9.605,240
battery,"Guangzhou Sanjing Electric Co., Ltd.",H2-11.4K-LS4-US,208V,Y,Y,N,9.881,208
battery,"Guangzhou Sanjing Electric Co., Ltd.",H2-10K-S4-US,240V,Y,Y ,N,10.089,240
battery,"Guangzhou Sanjing Electric Co., Ltd.",H2-12K-S4-US,208V,Y,Y ,N,10.417,208
battery,"Guangzhou Sanjing Electric Co., Ltd.",H2-11.4K-LS4-US,240V,Y,Y,N,11.298,240
battery,"Guangzhou Sanjing Electric Co., Ltd.",H2-12K-S4-US,240V,Y,Y ,N,12.034,240
battery,"Hangzhou Boco Electronics Co., Ltd.",P115SJ240-2001FT-00,240V,N,Y,N,2.198,240
battery,Holu Hou Energy LLC,HH9600H-HI,240V,Y,N,Y,9.628,240
battery,"Hongyibo New Energy Technology (Shenzhen) Co., Ltd.",PCSR5KLNA,240V,Y,Y,Y,5.089666,240
battery,"Hongyibo New Energy Technology (Shenzhen) Co., Ltd.",PCSR6KLNA,240V,Y,Y,Y,6.117182,240
battery,"Hongyibo New Energy Technology (Shenzhen) Co., Ltd.",PCSR7K6LNA,240V,Y,Y,Y,7.76472,240
battery,"Hongyibo New Energy Technology (Shenzhen) Co., Ltd.",PCSR8KLNA,240V,Y,Y,Y,8.08416,240
battery,"Hongyibo New Energy Technology (Shenzhen) Co., Ltd.",PCSR10KLNA,240V,Y,Y,Y,10.17666,240
battery,Hoymiles Power Electronics Inc.,HAS-3.8LV-USG1,240V,N,Y,N,3.646,240
battery,Hoymiles Power Electronics Inc.,HYS-3.8LV-USG1,240V,Y,Y,N,3.796,240
battery,Hoymiles Power Electronics Inc.,HAS-4.8LV-USG1,240V,N,Y,N,4.559,240
battery,Hoymiles Power Electronics Inc.,HAS-6.0LV-USG1,240V,N,Y,N,4.559,240
battery,Hoymiles Power Electronics Inc.,HYS-4.8LV-USG1,240V,Y,Y,N,4.793,240
battery,Hoymiles Power Electronics Inc.,HYS-6.0LV-USG1,240V,Y,Y,N,5.995,240
battery,Hoymiles Power Electronics Inc.,HAS-7.6LV-USG1,240V,N,Y,N,7.417,240
battery,Hoymiles Power Electronics Inc.,HYS-7.6LV-USG1,240V,Y,Y,N,7.708,240
battery,Hoymiles Power Electronics Inc.,HAS-11.5LV-USG1,240V,N,Y,N,9.153,240
battery,Hoymiles Power Electronics Inc.,HAS-9.6LV-USG1,240V,N,Y,N,9.153,240
battery,Hoymiles Power Electronics Inc.,HYS-9.6LV-USG1,240V,Y,Y,N,9.641,240
battery,Hoymiles Power Electronics Inc.,HYS-11.5LV-USG1,240V,Y,Y,N,11.575,240
battery,"Huizhou Roypow Technology Co., Ltd",SUN10000S-U,240V,Y,Y,N,10.111,240
battery,"Huizhou Roypow Technology Co., Ltd",SUN12000S-U,240V,Y,Y,N,12.079,240
battery,"Huizhou Roypow Technology Co., Ltd",SUN15000S-U,240V,Y,Y,N,14.987,240
battery,Hyperian Energy Inc.,ST2-76i,240V,Y,Y,N,7.581,240
battery,Hyperian Energy Inc.,ST2-96i,240V,Y,Y,N,9.573,240
battery,Hyperian Energy Inc.,ST2-100i,240V,Y,Y,N,9.956,240
battery,Hyperian Energy Inc.,ST2-114i,240V,Y,Y,N,11.371,240
battery,Hyperian Energy Inc.,ST2-120i,240V,Y,Y,N,11.968,240
battery,INGETEAM POWER TECHNOLOGY S.A.,INGECON SUN 610TL U B220,220V,Y,N,Y,610,220
battery,INGETEAM POWER TECHNOLOGY S.A.,INGECON SUN 830TL U B300,300V,Y,N,Y,830,300
battery,INGETEAM POWER TECHNOLOGY S.A.,INGECON SUN 915TL U B330,330V,Y,N,Y,915,330
battery,INGETEAM POWER TECHNOLOGY S.A.,INGECON SUN 1000TL U B360,360V,Y,N,Y,1000,360
battery,INGETEAM POWER TECHNOLOGY S.A.,INGECON SUN 1140TL U B410,410V,Y,N,Y,1027.752,410
battery,INGETEAM POWER TECHNOLOGY S.A.,INGECON SUN 1245TL U B480,480V,Y,N,Y,1042.22,480
battery,INGETEAM POWER TECHNOLOGY S.A.,INGECON SUN 1190TL U B430,430V,Y,N,Y,1048.594,430
battery,INGETEAM POWER TECHNOLOGY S.A.,INGECON SUN 1220TL U B440,440V,Y,N,Y,1099.306,440
battery,INGETEAM POWER TECHNOLOGY S.A.,INGECON SUN 1110TL U B400,400V,Y,N,Y,1110,400
battery,INGETEAM POWER TECHNOLOGY S.A.,INGECON SUN 1250TL U B450,450V,Y,N,Y,1114.104,450
battery,INGETEAM POWER TECHNOLOGY S.A.,INGECON SUN 1275TL U B460,460V,Y,N,Y,1128.476,460
battery,INGETEAM POWER TECHNOLOGY S.A.,INGECON SUN 1165TL U B420,420V,Y,N,Y,1165,420
battery,INGETEAM POWER TECHNOLOGY S.A.,INGECON SUN 1740TL U B670,670V,Y,N,Y,1272.412,670
battery,INGETEAM POWER TECHNOLOGY S.A.,INGECON SUN 1800TL U B690,690V,Y,N,Y,1300.644,690
battery,INGETEAM POWER TECHNOLOGY S.A.,INGECON SUN 1665TL U B640,640V,Y,N,Y,1367.076,640
battery,INGETEAM POWER TECHNOLOGY S.A.,INGECON SUN 1690TL U B650,650V,Y,N,Y,1375.282,650
battery,INGETEAM POWER TECHNOLOGY S.A.,INGECON SUN 1715TL U B660,660V,Y,N,Y,1390.614,660
battery,INGETEAM POWER TECHNOLOGY S.A.,INGECON SUN STORAGE 3660TL U C450,450V,N,Y,N,2306,450
battery,INGETEAM POWER TECHNOLOGY S.A.,INGECON SUN STORAGE 3660TL U C480,480V,N,Y,N,2467.62,480
battery,INGETEAM POWER TECHNOLOGY S.A.,INGECON SUN STORAGE 3930TL U HV C600,600V,N,Y,N,2582,600
battery,INGETEAM POWER TECHNOLOGY S.A.,INGECON SUN STORAGE 3930TL U HV C650,650V,N,Y,N,2762.4,650
battery,INGETEAM POWER TECHNOLOGY S.A.,INGECON SUN STORAGE 3660TL U C578,578V,N,Y,N,2881.48,578
battery,INGETEAM POWER TECHNOLOGY S.A.,INGECON SUN STORAGE 3930TL U HV C690,690V,N,Y,N,2983.4,690
battery,INGETEAM POWER TECHNOLOGY S.A.,INGECON SUN STORAGE 3660TL U C600,600V,N,Y,N,3095.3,600
battery,INGETEAM POWER TECHNOLOGY S.A.,INGECON SUN STORAGE 3930TL U HV C730,730V,N,Y,N,3102.8,730
battery,INGETEAM POWER TECHNOLOGY S.A.,INGECON SUN STORAGE 3930TL U HV C750,750V,N,Y,N,3237.1,750
battery,INGETEAM POWER TECHNOLOGY S.A.,INGECON SUN STORAGE 3660TL U C630,630V,N,Y,N,3239.42,630
battery,INGETEAM POWER TECHNOLOGY S.A.,INGECON SUN STORAGE 3930TL U HV C760,760V,N,Y,N,3240,760
battery,INGETEAM POWER TECHNOLOGY S.A.,INGECON SUN STORAGE 3660TL U C645,645V,N,Y,N,3304.62,645
battery,INGETEAM POWER TECHNOLOGY S.A.,INGECON SUN STORAGE 3660TL U C660,660V,N,Y,N,3377.6,660
battery,INGETEAM POWER TECHNOLOGY S.A.,INGECON SUN STORAGE 3660TL U C690,690V,N,Y,N,3535.56,690
battery,Jackery Inc.,GVI-HR-7K6-USG,240V,Y,Y,N,7.394,240
battery,Jackery Inc.,GVI-HR-11K4-USG,240V,Y,Y,N,11.084,240
battery,"Jiangsu RCT Power Energy Technology Co., Ltd",Power Storage DC US-8.0,208V,Y,Y,Y,7.015,208
battery,"Jiangsu RCT Power Energy Technology Co., Ltd",Power Storage DC US-8.0 PRO,208V,Y,Y,Y,7.015,208
battery,"Jiangsu RCT Power Energy Technology Co., Ltd",Power Storage DC US-8.0,240V,Y,Y,Y,8.0322,240
battery,"Jiangsu RCT Power Energy Technology Co., Ltd",Power Storage DC US-8.0 PRO,240V,Y,Y,Y,8.0322,240
battery,"Jiangsu Weiheng Intelligent Technology Co., Ltd.",SHD-7.6kW,240V,Y,Y,N,7.572,240
battery,"Jiangsu Weiheng Intelligent Technology Co., Ltd.",SHD-9.6kW,240V,Y,Y,N,9.66,240
battery,"Jiangsu Weiheng Intelligent Technology Co., Ltd.",SHD-11.4kW,240V,Y,Y,N,11.257,240
battery,JingTsing Technology Ltd.,JTES-PCS125K-1000/480-L03C1,480V,N,Y,N,127.819,480
battery,JingTsing Technology Ltd.,JTES-PCS125K-1000/480-L03L1,480V,N,Y,N,127.819,480
battery,JingTsing Technology Ltd.,JTES-PCS450K-1600/740-L03C1,740V,N,Y,N,459.563,740
battery,"Jinko Solar Co., Ltd",JKS-R-7P12-US,240V,Y,Y,Y,7.604,240
battery,"Jinko Solar Co., Ltd",JKS-R-11P12-US,240V,Y,Y,Y,11.406,240
battery,"Kowint Energy (Shenzhen) Co., Ltd.",KSL-8KU-A,240V,Y,Y,Y,8.11097,240
battery,"Kowint Energy (Shenzhen) Co., Ltd.",KSL-8KU-B,240V,Y,Y,Y,8.180922,240
battery,"Kowint Energy (Shenzhen) Co., Ltd.",KSL-12KU-A,240V,Y,Y,Y,12.13712,240
battery,"Kowint Energy (Shenzhen) Co., Ltd.",KSL-12KU-B,240V,Y,Y,Y,12.21352,240
battery,"Kowint Energy (Shenzhen) Co., Ltd.",KSL-16KU-A,240V,Y,Y,Y,16.13092,240
battery,"Kowint Energy (Shenzhen) Co., Ltd.",KSL-16KU-B,240V,Y,Y,Y,16.19882,240
battery,"Kowint Energy (Shenzhen) Co., Ltd.",K-PH125-B-US03,480V,N,Y,N,125.01500999999999,480
battery,LG Electronics Inc.,A005KEEN261,208V,N,N,Y,5,208
battery,LG Electronics Inc.,A005KEEN261,240V,N,N,Y,5,240
battery,LG Electronics Inc.,D007KEEN261,208V,Y,N,Y,6.656,208
battery,LG Electronics Inc.,D007KEEN261,240V,Y,N,Y,7.68,240
battery,LG Electronics Inc.,P250KH53231,480V,N,N,Y,250.425,480
battery,"LG Energy Solution, Ltd.",SHB-G1-050-US,240V,N,Y,N,4.9828,240
battery,"LG Energy Solution, Ltd.",SHB-G1-060-US,240V,N,Y,N,6.0097,240
battery,"LG Energy Solution, Ltd.",SHB-G1-076-US,240V,N,Y,N,7.5855,240
battery,"LG Energy Solution, Ltd.",SHB-G1-096-US,240V,N,Y,N,9.6031,240
battery,"LG Energy Solution, Ltd.",SHB-G1-114-US,240V,N,Y,N,11.3919,240
battery,Liniotech Energy Inc.,LNT5K0228UL,208V,Y,Y,N,5.02,208
battery,Liniotech Energy Inc.,LNT5K0228UL,240V,Y,Y,N,5.04,240
battery,Liniotech Energy Inc.,LNT6K0228UL,208V,Y,Y,N,6.124,208
battery,Liniotech Energy Inc.,LNT6K0228UL,240V,Y,Y,N,6.149,240
battery,Liniotech Energy Inc.,LNT7K0228UL,240V,Y,Y,N,7.647,240
battery,Liniotech Energy Inc.,LNT7K0228UL,208V,Y,Y,N,7.648,208
battery,Liniotech Energy Inc.,LNT8K0228UL,240V,Y,Y,N,8.047,240
battery,Liniotech Energy Inc.,LNT8K0228UL,208V,Y,Y,N,8.06,208
battery,Liniotech Energy Inc.,LNT12K0228UL,240V,Y,Y,N,10.14,240
battery,Liniotech Energy Inc.,LNT10K0228UL,240V,Y,Y,N,10.147,240
battery,Liniotech Energy Inc.,LNT10K0228UL,208V,Y,Y,N,10.186,208
battery,Liniotech Energy Inc.,LNT12K0228UL,208V,Y,Y,N,10.186,208
battery,Lion Energy,#50170167 Sanctuary 8K,208V,Y,Y,Y,7.827,208
battery,Lion Energy,#50170167 Sanctuary 8K,240V,Y,Y,Y,7.898,240
battery,Lion Energy,#50170168,240V,Y,Y,Y,8.084,240
battery,Lion Energy,Lion Hybrid Inverter 12kW,240V,Y,Y,Y,8.084,240
battery,Lion Energy,Sanctuary 3 Inverter 12kW,240V,Y,Y,Y,8.181,240
battery,Lion Energy,Lion Hybrid Inverter 15kW,240V,Y,Y,Y,10.177,240
battery,Lion Energy,Sanctuary 3 Inverter 18kW,240V,Y,Y,Y,12.214,240
battery,Lion Energy,Sanctuary 3 Inverter 24kW,240V,Y,Y,Y,16.199,240
battery,Lite-On Technology Corporation,IN-HP5123US,120V,Y,Y,Y,9.018600000000001,120
battery,Lite-On Technology Corporation,IN-HP5123US,240V,Y,Y,Y,9.018600000000001,240
battery,Lite-On Technology Corporation,IN-HP5113US,240V,Y,Y,N,11.361,240
battery,LS ELECTRIC Co Ltd,LSPB-BB-0150-48-2T,480V,N,Y,Y,151.403,480
battery,LS ELECTRIC Co Ltd,LSPB-BB-0190-60-2T,600V,N,Y,Y,191.856,600
battery,LS ELECTRIC Co Ltd,LSPB-BB-0220-69-2T,690V,N,Y,Y,222.17,690
battery,LS Energy Solutions LLC,PBE-6140-R61-1A0-1000,600V,N,N,Y ,139.449,600
battery,LS Energy Solutions LLC,PBE-5140-R61-1A0-1000,480V,N,N,Y ,140.485,480
battery,"Lunar Energy, Inc.",10-005025,240V,Y,Y,N,9.675,240
battery,MANGO POWER TECH INC.,M Hybrid Inverter 12kW,208V,Y,Y,Y,10.499,208
battery,MANGO POWER TECH INC.,M Hybrid Inverter 12kW,240V,Y,Y,Y,11.933,240
battery,MidNite Power Inc.,MN 15-12KW-AIO,240V,Y,Y,N,10.135,240
battery,MidNite Power Inc.,MN 15-12KW-AIO,208V,Y,Y,N,10.193,208
battery,"MidNite Solar, Inc.",MN 15-12KW-AIO,240V,Y,Y,N,10.135,240
battery,MPP SOLAR INC,LVX 12KW WP,120V,Y,Y,N,9.0186,120
battery,MPP SOLAR INC,LVX 12KW WP,240V,Y,Y,N,9.0186,240
battery,NeoVolta Inc.,NV7600,208V,Y,Y,Y ,7.4473,208
battery,NeoVolta Inc.,NV7600,240V,Y,Y,Y ,7.657,240
battery,NeoVolta Inc.,NV12KAC,240V,Y,Y,Y,12.21352,240
battery,NeoVolta Inc.,NV16KAC,240V,Y,Y,Y,16.199,240
battery,NEXTRACKER LLC,NXPCS800K-HUD,800V,Y,Y,N,801.42,800
battery,NEXTRACKER LLC,NXPCS1670K-HUD,800V,Y,Y,N,1673.4,800
battery,NEXTRACKER LLC,NXPCS3340K-HUD,800V,Y,Y,N,3347.8,800
battery,NEXTRACKER LLC,NXPCS5000K-HUD,800V,Y,Y,N,5004.9,800
battery,Northern Electric & Power Co. Ltd,BDHX-2000T-208,208V,Y,Y,N,2.078,208
battery,Northern Electric & Power Co. Ltd,BDH-8KSP-LB,208V,Y,Y,Y,6.9318,208
battery,Northern Electric & Power Co. Ltd,BDH-8KSP-LB,240V,Y,Y,Y,7.99,240
battery,Northern Electric & Power Co. Ltd,BDH-10KSP-LB,208V,Y,Y,Y,8.671,208
battery,Northern Electric & Power Co. Ltd,BDH-10KSP-LB,240V,Y,Y,Y,9.9914,240
battery,Northern Electric & Power Co. Ltd,BDH-12KSP-LB,208V,Y,Y,Y,11.517,208
battery,Northern Electric & Power Co. Ltd,BDH-12KSP-LB,240V,Y,Y,Y,11.969,240
battery,OutBack Power,FXR3048A,120V,N,N,Y,2.56,120
battery,OutBack Power,VFXR3524A,120V,N,N,Y,2.96,120
battery,OutBack Power,VFXR3648A,120V,N,N,Y,3.037,120
battery,OutBack Power,GS4048A,240V,N,N,Y,3.6,240
battery,OutBack Power,SBX5048-120/240,240V,Y,N,Y,4.985,240
battery,OutBack Power,GS8048A,240V,N,N,Y,7.2,240
battery,OutBack Power,OGHI8048A,240V,N,Y,Y,7.638,240
battery,"Oxford Intelligent Energy Co., Ltd.",OE 5KHS/LV,208V,Y,Y,Y,5.02,208
battery,"Oxford Intelligent Energy Co., Ltd.",OE 5KHS/LV,240V,Y,Y,Y,5.04,240
battery,"Oxford Intelligent Energy Co., Ltd.",OE 6KHS/LV,208V,Y,Y,Y,6.124,208
battery,"Oxford Intelligent Energy Co., Ltd.",OE 6KHS/LV,240V,Y,Y,Y,6.149,240
battery,"Oxford Intelligent Energy Co., Ltd.",OE 7K6HS/LV,240V,Y,Y,Y,7.647,240
battery,"Oxford Intelligent Energy Co., Ltd.",OE 7K6HS-T2/LV,240V,Y,Y,Y,7.647,240
battery,"Oxford Intelligent Energy Co., Ltd.",OE 7K6HS/LV,208V,Y,Y,Y,7.648,208
battery,"Oxford Intelligent Energy Co., Ltd.",OE 7K6HS-T2/LV,208V,Y,Y,Y,7.648,208
battery,"Oxford Intelligent Energy Co., Ltd.",OE 8KHS/LV,240V,Y,Y,Y,8.047,240
battery,"Oxford Intelligent Energy Co., Ltd.",OE 8KHS/LV,208V,Y,Y,Y,8.06,208
battery,"Oxford Intelligent Energy Co., Ltd.",OE 11K4HS/LV,240V,Y,Y,Y,10.14,240
battery,"Oxford Intelligent Energy Co., Ltd.",OE 10KHS/LV,240V,Y,Y,Y,10.147,240
battery,"Oxford Intelligent Energy Co., Ltd.",OE 10KHS/LV,208V,Y,Y,Y,10.186,208
battery,"Oxford Intelligent Energy Co., Ltd.",OE 11K4HS/LV,208V,Y,Y,Y,10.186,208
battery,PANASONIC CORPORATION OF NORTH AMERICA,EVHB-I7,240V,Y,Y,Y,7.60819341,240
battery,PhaseGreen Technology Inc.,PhG-P5K0LNA-M,240V,Y,Y,Y,5.0897,240
battery,PhaseGreen Technology Inc.,PhG-P6K0LNA-M,240V,Y,Y,Y,6.117,240
battery,PhaseGreen Technology Inc.,PhG-P7K6LNA-M,240V,Y,Y,Y,7.765,240
battery,PhaseGreen Technology Inc.,PhG-P8K0LNA-M,240V,Y,Y,Y,8.084,240
battery,PhaseGreen Technology Inc.,PhG-P10K0LNA-M,240V,Y,Y,Y,10.177,240
battery,Pika Energy,X7602,240V,Y,N,Y,7.587,240
battery,Pika Energy,X11402,208V,Y,N,Y,11.187,208
battery,PointGuard Energy Inc.,PG Controller 3.8,240V,Y,Y,N,3.843,240
battery,PointGuard Energy Inc.,PG Controller 4.8,240V,Y,Y,N,4.808,240
battery,PointGuard Energy Inc.,PG Controller 5.7,240V,Y,Y,N,5.776,240
battery,PointGuard Energy Inc.,PG Controller 7.6,240V,Y,Y,N,7.689,240
battery,PointGuard Energy Inc.,PG Controller 9.6,240V,Y,Y,N,9.653,240
battery,PointGuard Energy Inc.,PG Controller 11.4,240V,Y,Y,N,11.4601,240
battery,POMCube Inc.,PNZ-10K1N2-NA0,240V,Y,Y,Y,9.92,240
battery,Power Center,Essential Hybrid 5,120V,Y,Y,N,4.7871,120
battery,Power Center,Essential Hybrid 5,240V,Y,Y,N,7.9703,240
battery,Power Center,Flex 10,208V,Y,Y,Y,8.671,208
battery,Power Center,Flex 10,240V,Y,Y,Y,9.9914,240
battery,Power Center,Flex 12,208V,Y,Y,Y,11.517,208
battery,Power Center,Flex 12,240V,Y,Y,Y,11.969,240
battery,Power Center,Max Hybrid 15,208V,Y,Y,N,13.01,208
battery,Power Center,Max Hybrid 15,240V,Y,Y,N,15.04,240
battery,Power Center,Max Hybrid 30 (208V),120V,Y,Y,N,30.025,120
battery,Power Center,Max Hybrid 60,277V,Y,Y,N,60.05,277
battery,Power Electronics,FP3000K3,600V,N,N,Y,3116.969,600
battery,POWER ELECTRONICS,FP3151K,660V,N,N,Y,3145.17,660
battery,Power Electronics,FP3510M3,34500V,N,N,Y,3630.064,34500
battery,Power Electronics,FP3510M2,34500V,N,N,Y,3662.494,34500
battery,Power Electronics,FP4200M,34500V,N,N,Y,4198.71,34500
battery,"Princeton Power Systems, Inc.",GTIB-480-30-WZZZZZZ-G1.3,480V,Y,N,Y,29.444,480
battery,"Princeton Power Systems, Inc.",GTIB-480-30-ZZZZZZ-G1.3,480V,Y,N,Y,29.956,480
battery,"Princeton Power Systems, Inc.",GTIB-480-125XXXXXX-G1.5,480V,Y,N,Y,124.964,480
battery,"Princeton Power Systems, Inc.",GTIB-480-125XXXXXX-W-G1.5,480V,Y,N,Y,124.964,480
battery,Qcells North America,Q.VOLT H3.8SX,240V,Y,Y,Y,3.805,240
battery,Qcells North America,Q.VOLT A3.8SX,240V,N,Y,Y,3.81,240
battery,Qcells North America,Q.VOLT H5.0SX,240V,Y,Y,Y,5.003,240
battery,Qcells North America,Q.VOLT A5.0SX,240V,N,Y,Y,5.03,240
battery,Qcells North America,Q.HOME+ HYB-G1-6.0,240V,Y,Y,Y,5.57,240
battery,Qcells North America,Q.HOME+ AC-G1-6.0,240V,N,Y,Y,5.732,240
battery,Qcells North America,Q.VOLT H6.0SX,240V,Y,Y,Y,6.017,240
battery,Qcells North America,Q.VOLT A6.0SX,240V,N,Y,Y,6.035,240
battery,Qcells North America,Q.HOME+ HYB-G1-7.0,240V,Y,Y,Y,6.666,240
battery,Qcells North America,Q.HOME+ AC-G1-7.0,240V,N,Y,Y,6.68,240
battery,Qcells North America,Q.VOLT H7.6SX,240V,Y,Y,Y,7.593,240
battery,Qcells North America,Q.VOLT A7.6SX,240V,N,Y,Y,7.601,240
battery,Qcells North America,Q.HOME+ HYB-G1-7.6,240V,Y,Y,Y,7.642,240
battery,Qcells North America,Q.HOME+ AC-G1-7.6,240V,N,Y,Y,7.832,240
battery,Qcells North America,Q.HOME+ HYB-G1-8.6,240V,Y,Y,Y,8.604,240
battery,Qcells North America,Q.HOME+ AC-G1-8.6,240V,N,Y,Y,8.613,240
battery,RCT Power Energy Technology Corporation,Power Storage DC US-8.0,208V,Y,Y,Y,7.015,208
battery,RCT Power Energy Technology Corporation,Power Storage DC US-8.0 PRO,208V,Y,Y,Y,7.015,208
battery,RCT Power Energy Technology Corporation,Power Storage DC US-8.0,240V,Y,Y,Y,8.0322,240
battery,RCT Power Energy Technology Corporation,Power Storage DC US-8.0 PRO,240V,Y,Y,Y,8.0322,240
battery,RCT Power Energy Technology Corporation,Power Storage DC US-15.0,208V,Y,Y,N,14.947,208
battery,RCT Power Energy Technology Corporation,Power Storage DC US-15.0,240V,Y,Y,N,14.947,240
battery,Rhombus Energy Solutions,BESI-50kW-480,480V,N,N,Y,49.35,480
battery,Rhombus Energy Solutions,BESS-50kW-480,480V,N,N,Y,49.35,480
battery,Rhombus Energy Solutions,RES-BESS60DP-480,480V,Y,N,Y,59.789,480
battery,RNG International Inc.,RIV4850HI-SPS,240V,Y,Y,Y,5.0897,240
battery,RNG International Inc.,RIV4860HI-SPS,240V,Y,Y,Y,6.117,240
battery,RNG International Inc.,RIV4876HI-SPS,240V,Y,Y,Y,7.765,240
battery,RNG International Inc.,RIV4880HI-SPS,240V,Y,Y,Y,8.084,240
battery,RNG International Inc.,RIV4810HI-SPS,240V,Y,Y,Y,10.177,240
battery,Savant Systems Inc.,PS-INV-10KW-100A-XX,240V,Y,Y,Y,9.92266,240
battery,Savant Systems Inc.,PS-INV-10KW-60A-XX,240V,Y,Y,Y,9.92266,240
battery,Savant Systems Inc.,PS-INV-12.5KW-100A-XX,240V,Y,Y,Y,12.4109,240
battery,Savant Systems Inc.,PS-INV-12.5KW-60A-XX,240V,Y,Y,Y,12.4109,240
battery,"Schneider Electric USA, Inc.",XW Pro 6848 NA,120V,N,Y,Y,5.747,120
battery,"Schneider Electric USA, Inc.",XW Pro 6848 NA,240V,N,Y ,Y ,6.019,240
battery,"Schneider Electric USA, Inc.",HY8K1NA1,240V,Y,Y,Y,7.626,240
battery,"Schneider Electric USA, Inc.",EMGPCS0500ACCANS00,400V,N,Y,N,502.611,400
battery,"Shanghai Chelion RenewableTechnology Co., Ltd.",iHome-INV7.6K-H1H02,240V,Y,Y,N,7.5810227907830585,240
battery,"Shanghai Chelion RenewableTechnology Co., Ltd.",iHome-INV9.6K-H1H02,240V,Y,Y,N,9.573264646770172,240
battery,"Shanghai Chelion RenewableTechnology Co., Ltd.",iHome-INV10K-H1H02,240V,Y,Y,N,9.956302006955687,240
battery,"Shanghai Chelion RenewableTechnology Co., Ltd.",iHome-INV11.4K-H1H02,240V,Y,Y,N,11.37051,240
battery,"Shanghai Chelion RenewableTechnology Co., Ltd.",iHome-INV12K-H1H02,240V,Y,Y,N,11.96817,240
battery,"SHEN ZHEN MY SMART ENERGY ELECTRIC CO., LTD",MY-HL8K-P2WB,240V,Y,Y,N,7.9813860000000005,240
battery,"SHEN ZHEN MY SMART ENERGY ELECTRIC CO., LTD",MY-HL10K-P2WB,240V,Y,Y,N,10.010924,240
battery,"SHEN ZHEN MY SMART ENERGY ELECTRIC CO., LTD",MY-HL12K-P2WB,240V,Y,Y,N,12.01448,240
battery,"SHEN ZHEN MY SMART ENERGY ELECTRIC CO., LTD",MY-HL15K-P2WB,240V,Y,Y,N,15.01484,240
battery,"SHENZHEN CLOU ELECTRONICS CO., LTD.",CL215HX-IEC/UL,690V,N,Y,N,236.841,690
battery,"SHENZHEN CLOU ELECTRONICS CO., LTD.",CL430HX-IEC/UL,690V,N,Y,N,473.495,690
battery,"Shenzhen Cubenergy Co., Ltd.",CBAC-140-HA-M-US,480V,N,Y,N,140,480
battery,"Shenzhen Cubenergy Co., Ltd.",EH-0200-HA-M-US,690V,N,Y,N,220.432,690
battery,Shenzhen Eternalplanet Energy Pingshan Ltd.,HNA7G,240V,Y,Y,Y,7.58,240
battery,Shenzhen Eternalplanet Energy Pingshan Ltd.,HNA7G_AT,240V,Y,Y,Y,7.58,240
battery,Shenzhen Eternalplanet Energy Pingshan Ltd.,HNA7G_TT,240V,Y,Y,Y,7.58,240
battery,Shenzhen Eternalplanet Energy Pingshan Ltd.,HNA7W,240V,Y,Y,Y,7.58,240
battery,Shenzhen Eternalplanet Energy Pingshan Ltd.,HNA7W_TT,240V,Y,Y,Y,7.58,240
battery,"Shenzhen Growatt New Energy Co., Ltd.",MIN 3000TL-XH-US,208V,Y,Y,Y,2.626,208
battery,"Shenzhen Growatt New Energy Co., Ltd.",SPH 3000TL BL-US,240V,Y,N,Y ,2.934,240
battery,"Shenzhen Growatt New Energy Co., Ltd.",SPH 3000TL BL-US,208V,Y,N,Y ,2.999,208
battery,"Shenzhen Growatt New Energy Co., Ltd.",MIN 3000TL-XH-US,240V,Y,Y,Y,3.095,240
battery,"Shenzhen Growatt New Energy Co., Ltd.",MIN 3800TL-XH-US,208V,Y,Y,Y,3.324,208
battery,"Shenzhen Growatt New Energy Co., Ltd.",SPH 3600TL BL-US,208V,Y,N,Y ,3.581,208
battery,"Shenzhen Growatt New Energy Co., Ltd.",SPH 3600TL BL-US,240V,Y,N,Y ,3.608,240
battery,"Shenzhen Growatt New Energy Co., Ltd.",MIN 3800TL-XH-US,240V,Y,Y,Y,3.888,240
battery,"Shenzhen Growatt New Energy Co., Ltd.",SPH 4000TL BL-US,240V,Y,N,Y ,3.988,240
battery,"Shenzhen Growatt New Energy Co., Ltd.",SPH 4000TL BL-US,208V,Y,N,Y ,4.004,208
battery,"Shenzhen Growatt New Energy Co., Ltd.",MIN 5000TL-XH-US,208V,Y,Y,Y,4.28,208
battery,"Shenzhen Growatt New Energy Co., Ltd.",SPH 4600TL BL-US,240V,Y,N,Y ,4.598,240
battery,"Shenzhen Growatt New Energy Co., Ltd.",SPH 4600TL BL-US,208V,Y,N,Y ,4.604,208
battery,"Shenzhen Growatt New Energy Co., Ltd.",MIN 5000TL-XH-US,240V,Y,Y,Y,4.943,240
battery,"Shenzhen Growatt New Energy Co., Ltd.",SPH 5000TL BL-US,240V,Y,N,Y ,4.954,240
battery,"Shenzhen Growatt New Energy Co., Ltd.",SPH 5000TL BL-US,208V,Y,N,Y ,4.969,208
battery,"Shenzhen Growatt New Energy Co., Ltd.",MIN 6000TL-XH-US,208V,Y,Y,Y,5.143,208
battery,"Shenzhen Growatt New Energy Co., Ltd.",SPH 6000TL BL-US,208V,Y,N,Y ,5.232,208
battery,"Shenzhen Growatt New Energy Co., Ltd.",SPH 6000TL BL-US,240V,Y,N,Y ,5.864,240
battery,"Shenzhen Growatt New Energy Co., Ltd.",MIN 6000TL-XH-US,240V,Y,Y,Y,5.918,240
battery,"Shenzhen Growatt New Energy Co., Ltd.",MIN 7600TL-XH-US,208V,Y,Y,Y,6.58,208
battery,"Shenzhen Growatt New Energy Co., Ltd.",MIN 7600TL-XH2 US,208V,Y,Y,Y,6.611,208
battery,"Shenzhen Growatt New Energy Co., Ltd.",MIN 8200TL-XH-US,208V,Y,Y,Y,7.166,208
battery,"Shenzhen Growatt New Energy Co., Ltd.",MIN 7600TL-XH-US,240V,Y,Y,Y,7.524,240
battery,"Shenzhen Growatt New Energy Co., Ltd.",MIN 7600TL-XH2 US,240V,Y,Y,Y,7.651,240
battery,"Shenzhen Growatt New Energy Co., Ltd.",MIN 9000TL-XH-US,208V,Y,Y,Y,7.874,208
battery,"Shenzhen Growatt New Energy Co., Ltd.",SPH 8000TL-HU-US(B),208V,Y,Y,Y,7.907506396,208
battery,"Shenzhen Growatt New Energy Co., Ltd.",SPH 8000TL-HU-US(B),240V,Y,Y,Y,7.925099955,240
battery,"Shenzhen Growatt New Energy Co., Ltd.",MIN 8200TL-XH-US,240V,Y,Y,Y,8.251,240
battery,"Shenzhen Growatt New Energy Co., Ltd.",MIN 10000TL-XH2 US,208V,Y,Y,Y,8.606,208
battery,"Shenzhen Growatt New Energy Co., Ltd.",MIN 10000TL-XH-US,208V,Y,Y,Y,8.76,208
battery,"Shenzhen Growatt New Energy Co., Ltd.",MIN 9000TL-XH-US,240V,Y,Y,Y,9.063,240
battery,"Shenzhen Growatt New Energy Co., Ltd.",SPH 10000TL-HU-US,208V,Y,Y,Y,9.766960447,208
battery,"Shenzhen Growatt New Energy Co., Ltd.",SPH 10000TL-HU-US(B),208V,Y,Y,Y,9.766960447,208
battery,"Shenzhen Growatt New Energy Co., Ltd.",MIN 11400TL-XH2 US,208V,Y,Y,Y,9.827,208
battery,"Shenzhen Growatt New Energy Co., Ltd.",SPH 10000TL-HU-US,240V,Y,Y,Y,9.925,240
battery,"Shenzhen Growatt New Energy Co., Ltd.",SPH 10000TL-HU-US(B),240V,Y,Y,Y,9.925,240
battery,"Shenzhen Growatt New Energy Co., Ltd.",MIN 11400TL-XH-US,208V,Y,Y,Y,10.04,208
battery,"Shenzhen Growatt New Energy Co., Ltd.",MIN 10000TL-XH2 US,240V,Y,Y,Y,10.057,240
battery,"Shenzhen Growatt New Energy Co., Ltd.",MIN 10000TL-XH-US,240V,Y,Y,Y,10.082,240
battery,"Shenzhen Growatt New Energy Co., Ltd.",MIN 11400TL-XH2 US,240V,Y,Y,Y,11.354,240
battery,"Shenzhen Growatt New Energy Co., Ltd.",MIN 11400TL-XH-US,240V,Y,Y,Y,11.52,240
battery,"Shenzhen Growatt New Energy Co., Ltd.",WIT 28K-H-US L2,208V,Y,Y,Y,27.823900000000002,208
battery,"Shenzhen Growatt New Energy Co., Ltd.",WIT 28K-HU-US L2,208V,Y,Y,Y,27.823900000000002,208
battery,"Shenzhen Growatt New Energy Co., Ltd.",WIT 28K-A-US L2,208V,N,Y,Y,27.879360000000002,208
battery,"Shenzhen Growatt New Energy Co., Ltd.",WIT 28K-AU-US L2,208V,N,Y,Y,27.879360000000002,208
battery,"Shenzhen Growatt New Energy Co., Ltd.",WIT 35K-H-US L2,208V,Y,Y,Y,34.8249,208
battery,"Shenzhen Growatt New Energy Co., Ltd.",WIT 35K-HU-US L2,208V,Y,Y,Y,34.8249,208
battery,"Shenzhen Growatt New Energy Co., Ltd.",WIT 35K-A-US L2,208V,N,Y,Y,34.854699999999994,208
battery,"Shenzhen Growatt New Energy Co., Ltd.",WIT 35K-AU-US L2,208V,N,Y,Y,34.854699999999994,208
battery,"Shenzhen Growatt New Energy Co., Ltd.",WIT 40K-A-US L2,208V,N,Y,Y,39.837300000000006,208
battery,"Shenzhen Growatt New Energy Co., Ltd.",WIT 40K-AU-US L2,208V,N,Y,Y,39.837300000000006,208
battery,"Shenzhen Growatt New Energy Co., Ltd.",WIT 40K-H-US L2,208V,Y,Y,Y,39.9153,208
battery,"Shenzhen Growatt New Energy Co., Ltd.",WIT 40K-HU-US L2,208V,Y,Y,Y,39.9153,208
battery,"Shenzhen Growatt New Energy Co., Ltd.",WIT 50K-H-US,277V,Y,Y,Y,49.218300000000006,277
battery,"Shenzhen Growatt New Energy Co., Ltd.",WIT 50K-H-US,480V,Y,Y,Y,49.218300000000006,480
battery,"Shenzhen Growatt New Energy Co., Ltd.",WIT 50K-HU-US,277V,Y,Y,Y,49.218300000000006,277
battery,"Shenzhen Growatt New Energy Co., Ltd.",WIT 50K-HU-US,480V,Y,Y,Y,49.218300000000006,480
battery,"Shenzhen Growatt New Energy Co., Ltd.",WIT 50K-A-US,480V,N,Y,Y,49.7633,480
battery,"Shenzhen Growatt New Energy Co., Ltd.",WIT 50K-AU-US,480V,N,Y,Y,49.7633,480
battery,"Shenzhen Growatt New Energy Co., Ltd.",WIT 55K-A-US L2,208V,N,Y,Y,54.7978,208
battery,"Shenzhen Growatt New Energy Co., Ltd.",WIT 55K-AU-US L2,208V,N,Y,Y,54.7978,208
battery,"Shenzhen Growatt New Energy Co., Ltd.",WIT 55K-H-US L2,208V,Y,Y,Y,54.972,208
battery,"Shenzhen Growatt New Energy Co., Ltd.",WIT 55K-HU-US L2,208V,Y,Y,Y,54.972,208
battery,"Shenzhen Growatt New Energy Co., Ltd.",WIT 63K-H-US,277V,Y,Y,Y,62.5698,277
battery,"Shenzhen Growatt New Energy Co., Ltd.",WIT 63K-H-US,480V,Y,Y,Y,62.5698,480
battery,"Shenzhen Growatt New Energy Co., Ltd.",WIT 63K-HU-US,277V,Y,Y,Y,62.5698,277
battery,"Shenzhen Growatt New Energy Co., Ltd.",WIT 63K-HU-US,480V,Y,Y,Y,62.5698,480
battery,"Shenzhen Growatt New Energy Co., Ltd.",WIT 63K-A-US,480V,N,Y,Y,63.4281,480
battery,"Shenzhen Growatt New Energy Co., Ltd.",WIT 63K-AU-US,480V,N,Y,Y,63.4281,480
battery,"Shenzhen Growatt New Energy Co., Ltd.",WIT 75K-A-US,480V,N,Y,Y,74.5274,480
battery,"Shenzhen Growatt New Energy Co., Ltd.",WIT 75K-AU-US,480V,N,Y,Y,74.5274,480
battery,"Shenzhen Growatt New Energy Co., Ltd.",WIT 75K-H-US,277V,Y,Y,Y,74.5887,277
battery,"Shenzhen Growatt New Energy Co., Ltd.",WIT 75K-H-US,480V,Y,Y,Y,74.5887,480
battery,"Shenzhen Growatt New Energy Co., Ltd.",WIT 75K-HU-US,277V,Y,Y,Y,74.5887,277
battery,"Shenzhen Growatt New Energy Co., Ltd.",WIT 75K-HU-US,480V,Y,Y,Y,74.5887,480
battery,"Shenzhen Growatt New Energy Co., Ltd.",WIT 100K-H-US,277V,Y,Y,Y,99.3703,277
battery,"Shenzhen Growatt New Energy Co., Ltd.",WIT 100K-H-US,480V,Y,Y,Y,99.3703,480
battery,"Shenzhen Growatt New Energy Co., Ltd.",WIT 100K-HU-US,277V,Y,Y,Y,99.3703,277
battery,"Shenzhen Growatt New Energy Co., Ltd.",WIT 100K-HU-US,480V,Y,Y,Y,99.3703,480
battery,"Shenzhen Growatt New Energy Co., Ltd.",WIT 100K-A-US,480V,N,Y,Y,99.3887,480
battery,"Shenzhen Growatt New Energy Co., Ltd.",WIT 100K-AU-US,480V,N,Y,Y,99.3887,480
battery,"Shenzhen GSL Energy Co., Ltd.",HS-LV8KNA,208V,Y,Y,N,8.80850279233333,208
battery,"Shenzhen GSL Energy Co., Ltd.",HS-LV8KNA,240V,Y,Y,N,8.81,240
battery,"Shenzhen GSL Energy Co., Ltd.",HS-LV10KNA,208V,Y,Y,N,10.0056833333333,208
battery,"Shenzhen GSL Energy Co., Ltd.",HS-LV10KNA,240V,Y,Y,N,10.0081833333333,240
battery,"Shenzhen GSL Energy Co., Ltd.",HS-LV12KNA,208V,Y,Y,N,10.3972,208
battery,"Shenzhen GSL Energy Co., Ltd.",GSL-H-12KLV-US,208V,Y,Y,N,10.499,208
battery,"Shenzhen GSL Energy Co., Ltd.",GSL-H-12KLV-US,240V,Y,Y,N,11.933,240
battery,"Shenzhen GSL Energy Co., Ltd.",HS-LV12KNA,240V,Y,Y,N,11.9957333333333,240
battery,Shenzhen Kstar New Energy Company Limited,E8KD,240V,Y,Y,N,8.024,240
battery,Shenzhen Kstar New Energy Company Limited,E10KD,240V,Y,Y,N,10.036,240
battery,Shenzhen Kstar New Energy Company Limited,E12KD,240V,Y,Y,N,12.02,240
battery,Shenzhen Kstar New Energy Company Limited,E15KD,240V,Y,Y,N,14.993,240
battery,"Shenzhen Lux Power Technology Co., Ltd.",LXP-LB-US 8K,208V,Y,Y,Y,7.8599499999999995,208
battery,"Shenzhen Lux Power Technology Co., Ltd.",LXP-LB-US 8K,240V,Y,Y,Y,7.86266,240
battery,"Shenzhen Lux Power Technology Co., Ltd.",LXP-LB-US 10K,208V,Y,Y,Y,9.757729999999999,208
battery,"Shenzhen Lux Power Technology Co., Ltd.",LXP-LB-US 10K,240V,Y,Y,Y,9.75858,240
battery,"Shenzhen Lux Power Technology Co., Ltd.",LXP-LB-US 12K,208V,Y,Y,Y,10.499,208
battery,"Shenzhen Lux Power Technology Co., Ltd.",GEN-LB-US 13K,208V,Y,Y,Y,11.325,208
battery,"Shenzhen Lux Power Technology Co., Ltd.",LXP-LB-US 13K,208V,Y,Y,Y,11.325,208
battery,"Shenzhen Lux Power Technology Co., Ltd.",LXP-LB-US 12K,240V,Y,Y,Y,11.933,240
battery,"Shenzhen Lux Power Technology Co., Ltd.",GEN-LB-US 13K,240V,Y,Y,Y,12.997,240
battery,"Shenzhen Lux Power Technology Co., Ltd.",LXP-LB-US 13K,240V,Y,Y,Y,12.9973,240
battery,"Shenzhen Lux Power Technology Co., Ltd.",LXP-LB-US 16K,208V,Y,Y,Y,13.898700000000002,208
battery,"Shenzhen Lux Power Technology Co., Ltd.",GEN-LB-US 16K,208V,Y,Y,Y,13.899,208
battery,"Shenzhen Lux Power Technology Co., Ltd.",GEN-LB-US 16K,240V,Y,Y,Y,16.153,240
battery,"Shenzhen Lux Power Technology Co., Ltd.",LXP-LB-US 16K,240V,Y,Y,Y,16.153200000000002,240
battery,"Shenzhen Lux Power Technology Co., Ltd.",GEN-HB-US 25K,208V,Y,Y,Y,21.6632,208
battery,"Shenzhen Lux Power Technology Co., Ltd.",GEN-HB-US 25K,240V,Y,Y,Y,25.12912778,240
battery,"Shenzhen Megarevo Technology Co., Ltd.",R5KH1NA,240V,Y,Y,Y,5.081,240
battery,"Shenzhen Megarevo Technology Co., Ltd.",R5KLNA,240V,Y,Y,Y,5.0897,240
battery,"Shenzhen Megarevo Technology Co., Ltd.",R6KH1NA,240V,Y,Y,Y,6.082,240
battery,"Shenzhen Megarevo Technology Co., Ltd.",R6KLNA,240V,Y,Y,Y,6.117,240
battery,"Shenzhen Megarevo Technology Co., Ltd.",R7K6H1NA,240V,Y,Y,Y,7.765,240
battery,"Shenzhen Megarevo Technology Co., Ltd.",R7K6LNA,240V,Y,Y,Y,7.765,240
battery,"Shenzhen Megarevo Technology Co., Ltd.",R8KLNA,240V,Y,Y,Y,8.084,240
battery,"Shenzhen Megarevo Technology Co., Ltd.",R8KLNA-P4,240V,Y,Y,Y,8.11097,240
battery,"Shenzhen Megarevo Technology Co., Ltd.",R8KH1NA,240V,Y,Y,Y,8.116,240
battery,"Shenzhen Megarevo Technology Co., Ltd.",R8KLNA-P6,240V,Y,Y,Y,8.180922,240
battery,"Shenzhen Megarevo Technology Co., Ltd.",R9KH1NA,240V,Y,Y,Y,9.103,240
battery,"Shenzhen Megarevo Technology Co., Ltd.",R10KH1NA,240V,Y,Y,Y,10.154,240
battery,"Shenzhen Megarevo Technology Co., Ltd.",R10KLNA,240V,Y,Y,Y,10.177,240
battery,"Shenzhen Megarevo Technology Co., Ltd.",R11K4H1NA,240V,Y,Y,Y,11.598,240
battery,"Shenzhen Megarevo Technology Co., Ltd.",R12KLNA-P4,240V,Y,Y,Y,12.137120000000001,240
battery,"Shenzhen Megarevo Technology Co., Ltd.",R12KLNA-P6,240V,Y,Y,Y,12.21352,240
battery,"Shenzhen Megarevo Technology Co., Ltd.",R12KH1NA,240V,Y,Y,Y,12.362,240
battery,"Shenzhen Megarevo Technology Co., Ltd.",R16LNA-P4,240V,Y,Y,Y,16.130920000000003,240
battery,"Shenzhen Megarevo Technology Co., Ltd.",R16KLNA-P6,240V,Y,Y,Y,16.19882,240
battery,Shenzhen Poweroak Newener Co Ltd,EP900,240V,Y,Y,N,9.23,240
battery,Shenzhen Poweroak Newener Co Ltd,EnergyPro 13K,240V,Y,Y,N,13.1961,240
battery,"Shenzhen Poweroak Newener Co., Ltd.",EnergyPro 6K,240V,N,Y,N,5.777,240
battery,"Shenzhen Senergy Technology Co., Ltd.",SE 5KHB-130-D2/UL,208V,Y,Y,Y,5.02,208
battery,"Shenzhen Senergy Technology Co., Ltd.",SE 5KHB-130-D2/UL,240V,Y,Y,Y,5.04,240
battery,"Shenzhen Senergy Technology Co., Ltd.",SE 6KHB-130-D2/UL,208V,Y,Y,Y,6.124,208
battery,"Shenzhen Senergy Technology Co., Ltd.",SE 6KHB-130-D2/UL,240V,Y,Y,Y,6.149,240
battery,"Shenzhen Senergy Technology Co., Ltd.",SE 7K6HB-180-T2/UL,240V,Y,Y,Y,7.6472,240
battery,"Shenzhen Senergy Technology Co., Ltd.",SE 7K6HB-180-T2/UL,208V,Y,Y,Y,7.648,208
battery,"Shenzhen Senergy Technology Co., Ltd.",SE 8KHB-180-T2/UL,240V,Y,Y,Y,8.0472,240
battery,"Shenzhen Senergy Technology Co., Ltd.",SE 8KHB-180-T2/UL,208V,Y,Y,Y,8.06,208
battery,"Shenzhen Senergy Technology Co., Ltd.",SE 11K4HB-210-T2/UL,240V,Y,Y,Y,10.14,240
battery,"Shenzhen Senergy Technology Co., Ltd.",SE 10KHB-210-T2/UL,240V,Y,Y,Y,10.147200000000002,240
battery,"Shenzhen Senergy Technology Co., Ltd.",SE 10KHB-210-T2/UL,208V,Y,Y,Y,10.185799999999999,208
battery,"Shenzhen Senergy Technology Co., Ltd.",SE 11K4HB-210-T2/UL,208V,Y,Y,Y,10.186,208
battery,"Shenzhen Senergy Technology Co., Ltd.",SE 11K4HB-T2/LV-ULP,240V,Y,Y,Y,11.566895999999996,240
battery,"Shenzhen Senergy Technology Co., Ltd.",SE 11K4HB-T2/LV-ULP,208V,Y,Y,Y,11.608847999999998,208
battery,"Shenzhen Sinexcel Electric Co., Ltd.",PWS2-30P-NA,480V,N,Y,N,29.907,480
battery,"Shenzhen Sinexcel Electric Co., Ltd.",PWS2-30K-NA,480V,N,N,Y,30.02,480
battery,"Shenzhen Sinexcel Electric Co., Ltd.",PWS1-50K-NA,480V,N,N,Y,48.58,480
battery,"Shenzhen Sinexcel Electric Co., Ltd.",PWS1-100K-NA,480V,N,N,Y,98.013,480
battery,"Shenzhen Sinexcel Electric Co., Ltd.",PWS1-150K-NA,480V,N,N,Y,147.47,480
battery,"Shenzhen Sinexcel Electric Co., Ltd.",PWS1-250K-NA,480V,N,N,Y,244.026,480
battery,"Shenzhen Sinexcel Electric Co., Ltd.",PWS1-500KTL-NA,400V,N,N,Y,498.34,400
battery,"Shenzhen Sinexcel Electric Co., Ltd.",PWS1-500KTL-NA-8M1,400V,N,Y,N,498.34,400
battery,"Shenzhen Sinexcel Electric Co., Ltd.",PWS1-500KTL-NA-8M8,400V,N,Y,N,498.754,400
battery,"Shenzhen Sinexcel Electric Co., Ltd.",PWS1-1725KTL-H-NA-8M1,690V,N,Y,N,1708.18,690
battery,"Shenzhen Sinexcel Electric Co., Ltd.",PWS1-1725KTL-H-NA-8M8,690V,N,Y,N,1710.71,690
battery,"Shenzhen Sinexcel Isuna Energy Technology Co., Ltd.",Isuna U10K-PH,240V,Y,Y,N,10.074,240
battery,"Shenzhen Sinexcel Isuna Energy Technology Co., Ltd.",Isuna U15K-PH,240V,Y,Y,N,15.042,240
battery,"Shenzhen Sinexcel Isuna Energy Technology Co., Ltd.",Isuna U20K-PH,240V,Y,Y,N,20.181,240
battery,"Shenzhen SOSEN Innovation Technology Co.,Ltd",SSE-HL8K-P2US,240V,Y,Y,N,7.9813860000000005,240
battery,"Shenzhen SOSEN Innovation Technology Co.,Ltd",SSE-HL8K-P2US-S,240V,Y,Y,N,7.9813860000000005,240
battery,"Shenzhen SOSEN Innovation Technology Co.,Ltd",SSE-HL10K-P2US,240V,Y,Y,N,10.010924,240
battery,"Shenzhen SOSEN Innovation Technology Co.,Ltd",SSE-HL10K-P2US-S,240V,Y,Y,N,10.010924,240
battery,"Shenzhen SOSEN Innovation Technology Co.,Ltd",SSE-HL12K-P2US,240V,Y,Y,N,12.01448,240
battery,"Shenzhen SOSEN Innovation Technology Co.,Ltd",SSE-HL12K-P2US-S,240V,Y,Y,N,12.01448,240
battery,"Shenzhen SOSEN Innovation Technology Co.,Ltd",SSE-HL15K-P2US,240V,Y,Y,N,15.01484,240
battery,"Shenzhen SOSEN Innovation Technology Co.,Ltd",SSE-HL15K-P2US-S,240V,Y,Y,N,15.01484,240
battery,"Sichuan Clou Energy Electric Co., Ltd.",NEPCS-1600,630V,N,N,Y,1617.28113848,630
battery,"Sichuan Clou Energy Electric Co., Ltd.",NEPCS-2000,690V,N,N,Y,2000.4,690
battery,"Sichuan Clou Energy Electric Co., Ltd.",NEPCS-2300,800V,N,N,Y,2299.96,800
battery,"Sichuan Clou Energy Electric Co., Ltd.",NEPCS-2600,900V,N,N,Y,2602.35,900
battery,"Sichuan Clou Energy Electric Co., Ltd.",NEPCSH-3200,630V,N,N,Y,3200.56875,630
battery,"Sigenergy Technology Co., Ltd.",SigenStor EC 4.8 SP US,240V,Y,Y,N,4.808,240
battery,"Sigenergy Technology Co., Ltd.",SigenStor EC 5.7 SP US,240V,Y,Y,N,5.776,240
battery,"Sigenergy Technology Co., Ltd.",SigenStor EC 7.6 SP US,240V,Y,Y,N,7.649,240
battery,"Sigenergy Technology Co., Ltd.",SigenStor EC 9.6 SP US,240V,Y,Y,N,9.6533,240
battery,"Sigenergy Technology Co., Ltd.",SigenStor EC SP US,240V,Y,Y,N,11.503,240
battery,"Sigenergy Technology Co., Ltd.",SigenStor EC SP US,208V,Y,Y,N,11.504,208
battery,SimpliPhi Power,SPHI-IN-6,120V,Y,N,Y,6.017662268,120
battery,"SINENG ELECTRIC CO., LTD.",EH-0200-HA-M-US,690V,N,Y,N,220.432,690
battery,"SINENG ELECTRIC CO., LTD.",EH-1250-HB-UD-US,690V,N,Y,N,1250.73515,690
battery,"SINENG ELECTRIC CO., LTD.",EH-1725-HA-UD-US,690V,N,Y,N,1726.7022438194379,690
battery,"SINENG ELECTRIC CO., LTD.",EH-2000-HA-UD-US,690V,N,Y,N,2003.824000937494,690
battery,SMA America,SBSE3.8-US-50,208V,Y,Y,N,3.33202,208
battery,SMA America,SBS3.8-US-10,240V,N,N,Y,3.8,240
battery,SMA America,SBSE3.8-US-50,240V,Y,Y,N,3.86994,240
battery,SMA America,SBSE4.8-US-50,208V,Y,Y,N,4.16599,208
battery,SMA America,SBSE4.8-US-50,240V,Y,Y,N,4.82289,240
battery,SMA America,SBSE5.8-US-50,208V,Y,Y,N,4.99991,208
battery,SMA America,SBS5.0-US-10,240V,N,N,Y,5,240
battery,SMA America,SBSE5.8-US-50,240V,Y,Y,N,5.77589,240
battery,SMA America,SBS6.0-US-10,240V,N,N,Y,6,240
battery,SMA America,SBSE7.7-US-50,208V,Y,Y,N,6.644489999999999,208
battery,SMA America,SBSE7.7-US-50,240V,Y,Y,N,7.62198,240
battery,SMA America,SBSE9.6-US-50,208V,Y,Y,N,8.338,208
battery,SMA America,SBSE9.6-US-50,240V,Y,Y,N,9.569,240
battery,SMA America,SBSE11.5-US-50,208V,Y,Y,N,10.053,208
battery,SMA America,SBSE11.5-US-50,240V,Y,Y,N,11.483,240
battery,SMA America,STPS27US-20,208V,N,Y,N,27,208
battery,SMA America,SI27-US208-20,208V,N,Y,N,27.175900000000002,208
battery,SMA America,STPS60US-20,480V,N,Y,N,60,480
battery,SMA America,SI60-US480-20,480V,N,Y,N,60.4144,480
battery,SMA America,SCS 2475-US,385V,N,N,Y ,2078.89,385
battery,SMA America,SC 2660 UP-US 600V 2566A,600V,Y,Y,Y,2616.157,600
battery,SMA America,SC 2800 UP-US 630V 2566A,630V,Y,Y,Y,2747.472,630
battery,SMA America,SC 2930 UP-US 660V 2566A,660V,Y,Y,Y,2841.88,660
battery,SMA America,SC 3060 UP-US 690V 2566A,690V,Y,Y,Y,2951.143,690
battery,SMA America,SC 4000 UP-US 600V 3850A,600V,Y,N,Y,3650.134,600
battery,SMA America,SC 4200 UP-US 630V 3850A,630V,Y,N,Y,3832.828,630
battery,SMA America,SC 4400 UP-US 660V 3850A,660V,Y,N,Y,4017.113,660
battery,SMA America,SC 4600 UP-US 690V 3850A,690V,Y,N,Y,4198.235,690
battery,SolarEdge Technologies Ltd.,SE3000H-US,240V,Y,Y,Y ,2.962,240
battery,SolarEdge Technologies Ltd.,SE3800H-US,208V,Y,Y,Y,3.255,208
battery,SolarEdge Technologies Ltd.,NX3800T-US,208V,Y,Y,Y,3.33,208
battery,SolarEdge Technologies Ltd.,SE3800H-US,240V,Y,Y,Y,3.747,240
battery,SolarEdge Technologies Ltd.,SE3800A-US,240V,Y,N,Y,3.79,240
battery,SolarEdge Technologies Ltd.,NX3800T-US,240V,Y,Y,Y,3.84,240
battery,SolarEdge Technologies Ltd.,NX5000T-US,208V,Y,Y,Y,4.3,208
battery,SolarEdge Technologies Ltd.,SE5000H-US,208V,Y,Y,Y,4.979,208
battery,SolarEdge Technologies Ltd.,NX5000T-US,240V,Y,Y,Y,4.99,240
battery,SolarEdge Technologies Ltd.,NX5700T-US,208V,Y,Y,Y,4.99,208
battery,SolarEdge Technologies Ltd.,SE5700H-US,208V,Y,Y,N,4.992967875000001,208
battery,SolarEdge Technologies Ltd.,NX6000T-US,208V,Y,Y,Y,5.02,208
battery,SolarEdge Technologies Ltd.,SE5000H-US,240V,Y,Y,Y,5.052,240
battery,SolarEdge Technologies Ltd.,SE6000H-US,208V,Y,Y,Y,5.054,208
battery,SolarEdge Technologies Ltd.,SE5700H-US,240V,Y,Y,N,5.7,240
battery,SolarEdge Technologies Ltd.,NX5700T-US,240V,Y,Y,Y,5.76,240
battery,SolarEdge Technologies Ltd.,NX6000T-US,240V,Y,Y,Y,6,208
battery,SolarEdge Technologies Ltd.,SE6000H-US,240V,Y,Y,Y ,6.046,240
battery,SolarEdge Technologies Ltd.,SE7600H-US,208V,Y,Y,N,6.5917807706,208
battery,SolarEdge Technologies Ltd.,NX7600T-US,208V,Y,Y,Y,6.65,208
battery,SolarEdge Technologies Ltd.,SE7600H-US,240V,Y,Y,Y,7.616,240
battery,SolarEdge Technologies Ltd.,SE7600A-US,240V,Y,N,Y,7.625,240
battery,SolarEdge Technologies Ltd.,NX7600T-US,240V,Y,Y,Y,7.68,240
battery,SolarEdge Technologies Ltd.,NX9600T-US,208V,Y,Y,Y,8.32,208
battery,SolarEdge Technologies Ltd.,NX10000T-US,208V,Y,Y,Y,8.6,208
battery,SolarEdge Technologies Ltd.,SE10000H-US,208V,Y,Y,N,8.694270618,208
battery,SolarEdge Technologies Ltd.,SE9600H-US,240V,Y,Y,N,9.568491352999999,240
battery,SolarEdge Technologies Ltd.,SE9600H-US,208V,Y,Y,N,9.5783485856,208
battery,SolarEdge Technologies Ltd.,NX9600T-US,240V,Y,Y,Y,9.6,240
battery,SolarEdge Technologies Ltd.,NX11500T-US,208V,Y,Y,Y,9.98,208
battery,SolarEdge Technologies Ltd.,SE10000H-US,240V,Y,Y,Y,9.994,240
battery,SolarEdge Technologies Ltd.,NX10000T-US,240V,Y,Y,Y,10,240
battery,SolarEdge Technologies Ltd.,SE11400H-US,208V,Y,Y,Y,10.001,208
battery,SolarEdge Technologies Ltd.,NX13000T-US,208V,Y,Y,Y,11.2,208
battery,SolarEdge Technologies Ltd.,SE11400H-US,240V,Y,Y,Y,11.393,240
battery,SolarEdge Technologies Ltd.,NX11500T-US,240V,Y,Y,Y,11.52,240
battery,SolarEdge Technologies Ltd.,NX13000T-US,240V,Y,Y,Y,13,240
battery,SolarJuice American Inc.,S4A-H60,240V,Y,N,Y,5.57,240
battery,SolarJuice American Inc.,S4A-A60,240V,N,N,Y,5.732,240
battery,SolarJuice American Inc.,S4A-H70,240V,Y,N,Y,6.666,240
battery,SolarJuice American Inc.,S4A-A70,240V,N,N,Y,6.68,240
battery,SolarJuice American Inc.,S4A-H76,240V,Y,N,Y,7.642,240
battery,SolarJuice American Inc.,S4A-A76,240V,N,N,Y,7.832,240
battery,SolarJuice American Inc.,S4A-H86,240V,Y,N,Y,8.604,240
battery,SolarJuice American Inc.,S4A-A86,240V,N,N,Y,8.613,240
battery,Sol-Ark,5K-120V/8K-230V-1P,120V,Y,Y,N,4.787100000000001,120
battery,Sol-Ark,5K-120V/8K-230V-1P,240V,Y,Y,N,7.9703,240
battery,Sol-Ark,Limitless 10K-LV,208V,Y,Y,N,8.635,208
battery,Sol-Ark,Sol-Ark-12K-P,208V,Y,Y,Y ,8.818,208
battery,Sol-Ark,Sol-Ark-9k-48-ST,208V,Y,Y,Y,8.818,208
battery,Sol-Ark,Sol-Ark-8k-48-ST,240V,Y,Y,Y ,8.818088594,240
battery,Sol-Ark,Sol-Ark-12K-P,240V,Y,Y,Y ,8.982,240
battery,Sol-Ark,Sol-Ark-9k-48-ST,240V,Y,Y,Y,8.982,240
battery,Sol-Ark,Sol-Ark-8k-48-ST,208V,Y,Y,Y ,8.982168378,208
battery,Sol-Ark,Limitless 10K-LV,240V,Y,Y,N,9.97,240
battery,Sol-Ark,12K-2P-LL,240V,Y,Y,N,11.9628,240
battery,Sol-Ark,12K-2P-LL,208V,Y,Y,N,11.985328,208
battery,Sol-Ark,Limitless 15K-LV,208V,Y,Y,N,13.01,208
battery,Sol-Ark,Limitless 15K-LV,240V,Y,Y,N,15.04,240
battery,Sol-Ark,Limitless 18K-2P-LV,208V,Y,Y,N,15.5502,208
battery,Sol-Ark,Limitless 18K-2P-LV,240V,Y,Y,N,17.944200000000002,240
battery,Sol-Ark,30K-3P-208V,120V,Y,Y,N,30.025,120
battery,Sol-Ark,60K-3P-480V,277V,Y,Y,N,60.05,277
battery,"SolaX Power Network Technology (Zhe jiang) Co., Ltd.",A1-HYB-3.8K-G2,240V,Y,Y,Y,3.805,240
battery,"SolaX Power Network Technology (Zhe jiang) Co., Ltd.",A1-AC-3.8K-G2,240V,N,Y,Y,3.81,240
battery,"SolaX Power Network Technology (Zhe jiang) Co., Ltd.",A1-HYB-5.0K-G2,240V,Y,Y,Y,5.003,240
battery,"SolaX Power Network Technology (Zhe jiang) Co., Ltd.",A1-AC-5.0K-G2,240V,N,Y,Y,5.03,240
battery,"SolaX Power Network Technology (Zhe jiang) Co., Ltd.",A1-Hybrid-6.0-US,240V,Y,N,Y,5.57,240
battery,"SolaX Power Network Technology (Zhe jiang) Co., Ltd.",A1-Fit-6.0-US,240V,N,N,Y,5.732,240
battery,"SolaX Power Network Technology (Zhe jiang) Co., Ltd.",A1-HYB-6.0K-G2,240V,Y,Y,Y,6.017,240
battery,"SolaX Power Network Technology (Zhe jiang) Co., Ltd.",A1-AC-6.0K-G2,240V,N,Y,Y,6.035,240
battery,"SolaX Power Network Technology (Zhe jiang) Co., Ltd.",A1-HYB-7.6K-G2,208V,Y,Y,Y,6.636368636,208
battery,"SolaX Power Network Technology (Zhe jiang) Co., Ltd.",A1-Hybrid-7.0-US,240V,Y,N,Y,6.666,240
battery,"SolaX Power Network Technology (Zhe jiang) Co., Ltd.",A1-Fit-7.0-US,240V,N,N,Y,6.68,240
battery,"SolaX Power Network Technology (Zhe jiang) Co., Ltd.",A1-HYB-7.6K-G2,240V,Y,Y,Y,7.593,240
battery,"SolaX Power Network Technology (Zhe jiang) Co., Ltd.",A1-AC-7.6K-G2,240V,N,Y,Y,7.601,240
battery,"SolaX Power Network Technology (Zhe jiang) Co., Ltd.",A1-Hybrid-7.6-US,240V,Y,N,Y,7.642,240
battery,"SolaX Power Network Technology (Zhe jiang) Co., Ltd.",A1-Fit-7.6-US,240V,N,N,Y,7.832,240
battery,"SolaX Power Network Technology (Zhe jiang) Co., Ltd.",A1-Hybrid-8.6-US,240V,Y,N,Y,8.604,240
battery,"SolaX Power Network Technology (Zhe jiang) Co., Ltd.",A1-Fit-8.6-US,240V,N,N,Y,8.613,240
battery,SPITZER ENERGY COMPANY,SPZ 7.5KW-LV,208V,Y,Y,N,5.02,208
battery,SPITZER ENERGY COMPANY,SPZ 7.5KW-LV,240V,Y,Y,N,5.04,240
battery,SPITZER ENERGY COMPANY,SPZ 9KW-LV,208V,Y,Y,N,6.124,208
battery,SPITZER ENERGY COMPANY,SPZ 9KW-LV,240V,Y,Y,N,6.149,240
battery,SPITZER ENERGY COMPANY,SPZ 12KW-LV-A,240V,Y,Y,N,7.647,240
battery,SPITZER ENERGY COMPANY,SPZ 12KW-LV-A,208V,Y,Y,N,7.648,208
battery,SPITZER ENERGY COMPANY,SPZ 12KW-LV-B,240V,Y,Y,N,8.047,240
battery,SPITZER ENERGY COMPANY,SPZ 12KW-LV-B,208V,Y,Y,N,8.06,208
battery,SPITZER ENERGY COMPANY,SPZ 15KW-LV-B,240V,Y,Y,N,10.14,240
battery,SPITZER ENERGY COMPANY,SPZ 15KW-LV,240V,Y,Y,N,10.147,240
battery,SPITZER ENERGY COMPANY,SPZ 15KW-LV,208V,Y,Y,N,10.186,208
battery,SPITZER ENERGY COMPANY,SPZ 15KW-LV-B,208V,Y,Y,N,10.186,208
battery,"SRNE Solar Co.,Ltd",HEBP4880U240-Pro,208V,Y,Y,N,8.80850279233333,208
battery,"SRNE Solar Co.,Ltd",SEI-8K-UPRO,208V,Y,Y,N,8.80850279233333,208
battery,"SRNE Solar Co.,Ltd",HESP4880U200-H,208V,Y,Y,N,8.809,208
battery,"SRNE Solar Co.,Ltd",SEI-8K-UP,208V,Y,Y,N,8.809,208
battery,"SRNE Solar Co.,Ltd",HEBP4880U240-Pro,240V,Y,Y,N,8.80961279233333,240
battery,"SRNE Solar Co.,Ltd",SEI-8K-UPRO,240V,Y,Y,N,8.80961279233333,240
battery,"SRNE Solar Co.,Ltd",HESP4880U200-H,240V,Y,Y,N,8.81,240
battery,"SRNE Solar Co.,Ltd",SEI-8K-UP,240V,Y,Y,N,8.81,240
battery,"SRNE Solar Co.,Ltd",HEBP48100U240-Pro,208V,Y,Y,N,10.0056833333333,208
battery,"SRNE Solar Co.,Ltd",SEI-10K-UPRO,208V,Y,Y,N,10.0056833333333,208
battery,"SRNE Solar Co.,Ltd",HESP48100U200-H,208V,Y,Y,N,10.006,208
battery,"SRNE Solar Co.,Ltd",SEI-10K-UP,208V,Y,Y,N,10.006,208
battery,"SRNE Solar Co.,Ltd",HESP48100U200-H,240V,Y,Y,N,10.008,240
battery,"SRNE Solar Co.,Ltd",SEI-10K-UP,240V,Y,Y,N,10.008,240
battery,"SRNE Solar Co.,Ltd",HEBP48100U240-Pro,240V,Y,Y,N,10.0081833333333,240
battery,"SRNE Solar Co.,Ltd",SEI-10K-UPRO,240V,Y,Y,N,10.0081833333333,240
battery,"SRNE Solar Co.,Ltd",HEBP48114U240-Pro,240V,Y,Y,N,10.008239999999999,240
battery,"SRNE Solar Co.,Ltd",HEBP48114U240-Pro,208V,Y,Y,N,10.008987268,208
battery,"SRNE Solar Co.,Ltd",HESP48120U200-H,208V,Y,Y,N,10.397,208
battery,"SRNE Solar Co.,Ltd",SEI-12K-UP,208V,Y,Y,N,10.397,208
battery,"SRNE Solar Co.,Ltd",HEBP48120U240-Pro,208V,Y,Y,N,10.3972,208
battery,"SRNE Solar Co.,Ltd",SEI-12K-UPRO,208V,Y,Y,N,10.3972,208
battery,"SRNE Solar Co.,Ltd",HEBP48120U240-Pro,240V,Y,Y,N,11.9957333333333,240
battery,"SRNE Solar Co.,Ltd",SEI-12K-UPRO,240V,Y,Y,N,11.9957333333333,240
battery,"SRNE Solar Co.,Ltd",HESP48120U200-H,240V,Y,Y,N,11.996,240
battery,"SRNE Solar Co.,Ltd",SEI-12K-UP,240V,Y,Y,N,11.996,240
battery,Star Charge Americas Corp.,SI403LULA00,208V,Y,Y,N,3.315,208
battery,Star Charge Americas Corp.,SI403LULA00,240V,Y,Y,N,3.811,240
battery,Star Charge Americas Corp.,SI803LULA00,208V,Y,Y,N,6.635,208
battery,Star Charge Americas Corp.,SI803LULA00,240V,Y,Y,N,7.641,240
battery,Star Charge Americas Corp.,SI104LULA00,208V,Y,Y,N,8.304,208
battery,Star Charge Americas Corp.,SI104LULA00,240V,Y,Y,N,9.582,240
battery,Star Charge Americas Corp.,SI125TULT10,480V,N,Y,N,124.346,480
battery,Star Charge Americas Corp.,SI125TULT00,480V,N,Y,N,124.382,480
battery,Star Charge Americas Corp.,SI135TULT00,480V,N,Y,N,133.14761878,480
battery,Star Charge Americas Corp.,SI135TULT10,480V,N,Y,N,134.28820000000002,480
battery,Sun Gold Power Inc,SGN7.6K1HB-48,240V,Y,Y,Y,7.6472,240
battery,Sun Gold Power Inc,SGN7.6K1HB-48,208V,Y,Y,Y,7.648,208
battery,Sun Gold Power Inc,SGS-8K12MAX,208V,Y,Y,N,8.81,208
battery,Sun Gold Power Inc,SGS-8K12MAX,240V,Y,Y,N,8.81,240
battery,Sun Gold Power Inc,SGS-10K15MAX,208V,Y,Y,N,10.01,208
battery,Sun Gold Power Inc,SGS-10K15MAX,240V,Y,Y,N,10.01,240
battery,Sun Gold Power Inc,SGN11.4KHB-48,240V,Y,Y,Y,10.1396,240
battery,Sun Gold Power Inc,SGN10KHB-48,240V,Y,Y,Y,10.147200000000002,240
battery,Sun Gold Power Inc,SGN10KHB-48,208V,Y,Y,Y,10.185799999999999,208
battery,Sun Gold Power Inc,SGN11.4KHB-48,208V,Y,Y,Y,10.185799999999999,208
battery,Sun Gold Power Inc,SGS-12K18MAX,208V,Y,Y,N,10.4,208
battery,Sun Gold Power Inc,SGN-11K15PRO,240V,Y,Y,Y,11.566895999999996,240
battery,Sun Gold Power Inc,SGN-11K15PRO,208V,Y,Y,Y,11.608847999999998,208
battery,Sun Gold Power Inc,SGS-12K18MAX,240V,Y,Y,N,11.99,240
battery,"Sungrow Power Supply Co., Ltd.",SC60HV,480V,N,Y,Y,66,480
battery,"Sungrow Power Supply Co., Ltd.",SC75HV,600V,N,N,Y,82.5,600
battery,"Sungrow Power Supply Co., Ltd.",SC125CX-US,480V,N,Y,N,125.38479987999999,480
battery,"Sungrow Power Supply Co., Ltd.",SC125HX-US,690V,N,Y,N,127.37342898,690
battery,"Sungrow Power Supply Co., Ltd.",SC210HX-US,690V,N,Y,N,212.078,690
battery,"Sungrow Power Supply Co., Ltd.",SG250HX-US,800V,Y,N,Y,226.997,800
battery,"Sungrow Power Supply Co., Ltd.",SC250KU,480V,N,N,Y,250,480
battery,"Sungrow Power Supply Co., Ltd.",SC1000KU,540V,Y,N,Y,1001.306,540
battery,"Sungrow Power Supply Co., Ltd.",SG3150UD-MV-US,600V,Y,Y,N,1053,600
battery,"Sungrow Power Supply Co., Ltd.",SG4400UD-MV-US,645V,Y,Y,N,1103,645
battery,"Sungrow Power Supply Co., Ltd.",SC1200UD-US,480V,N,Y,Y,1203.052,480
battery,"Sungrow Power Supply Co., Ltd.",SC1375UD-US,550V,N,Y,Y,1378.936,550
battery,"Sungrow Power Supply Co., Ltd.",SC1575UD-US,630V,N,Y,Y,1582.996,630
battery,"Sungrow Power Supply Co., Ltd.",SC1725UD-US,690V,N,Y,Y,1728.406,690
battery,"Sungrow Power Supply Co., Ltd.",SC2000UD-US,800V,N,Y,Y,2014.87,800
battery,"Sungrow Power Supply Co., Ltd.",SC2500U,550V,N,N,Y,2507.194,550
battery,"Sungrow Power Supply Co., Ltd.",SC2500UD-US,900V,N,Y,Y,2507.23,900
battery,"Suzhou Ample ESS Co., Ltd",AP-L8K-SPUS,240V,Y,Y,N,7.981386,240
battery,"Suzhou Ample ESS Co., Ltd",AP-L10K-SPUS,240V,Y,Y,N,10.010924,240
battery,"Suzhou Ample ESS Co., Ltd",AP-L12K-SPUS,240V,Y,Y,N,12.01448,240
battery,"Suzhou Ample ESS Co., Ltd",AP-L15K-SPUS,240V,Y,Y,N,15.01484,240
battery,"SYL (NINGBO) Battery Co., Ltd",SP135UHL,480V,N,Y,N,134.536,480
battery,"SYL (NINGBO) Battery Co., Ltd",SP1750UHL,690V,N,Y,N,1751.5087850000002,690
battery,"Tabuchi Electric Co., Ltd.",THD-S55P3BB-US,240V,Y,N,Y,5.51892,240
battery,"Tabuchi Electric Co., Ltd.",THD-S55P3B-US,240V,Y,N,Y,5.51892,240
battery,"Tabuchi Electric Co., Ltd.",THE-S55P3BB-USW,240V,Y,N,Y,5.51892,240
battery,Tesla Inc.,1707000-XX-Y,"240V, 10kW",Y,Y,N,9.991,240
battery,Tesla Inc.,1707000-XX-Y,"240V, 11.5kW",Y,Y,N,11.508,240
battery,"Tigo Energy, Inc",TSI-3.0K-US,208V,Y,Y,Y,2.626,208
battery,"Tigo Energy, Inc",TSI-3.0K-US,240V,Y,Y,Y,3.095,240
battery,"Tigo Energy, Inc",TSI-3.8K-US,208V,Y,Y,Y,3.324,208
battery,"Tigo Energy, Inc",TSI-3.8K-US,240V,Y,Y,Y,3.888,240
battery,"Tigo Energy, Inc",TSI-5.0K-US,208V,Y,Y,Y,4.28,208
battery,"Tigo Energy, Inc",TSI-5.0K-US,240V,Y,Y,Y,4.943,240
battery,"Tigo Energy, Inc",TSI-6.0K-US,208V,Y,Y,Y,5.143,208
battery,"Tigo Energy, Inc",TSI-6.0K-US,240V,Y,Y,Y,5.918,240
battery,"Tigo Energy, Inc",TSI-7.6K-US,208V,Y,Y,Y,6.58,208
battery,"Tigo Energy, Inc",TSI-8.2K-US,208V,Y,Y,Y,7.166,208
battery,"Tigo Energy, Inc",TSI-7.6K-US,240V,Y,Y,Y,7.524,240
battery,"Tigo Energy, Inc",TSI-9.0K-US,208V,Y,Y,Y,7.874,208
battery,"Tigo Energy, Inc",TSI-8.2K-US,240V,Y,Y,Y,8.251,240
battery,"Tigo Energy, Inc",TSI-10.0K-US,208V,Y,Y,Y,8.76,208
battery,"Tigo Energy, Inc",TSI-9.0K-US,240V,Y,Y,Y,9.063,240
battery,"Tigo Energy, Inc",TSI-11.4K-US,208V,Y,Y,Y,10.04,208
battery,"Tigo Energy, Inc",TSI-10.0K-US,240V,Y,Y,Y,10.082,240
battery,"Tigo Energy, Inc",TSI-11.4K-US,240V,Y,Y,Y,11.52,240
battery,TRUMPF Hüttinger GmbH + Co. KG,TruConvert AC 3025,480V,N,N,Y,24.967894,480
battery,"Trystar, LLC",OZPCS-EP40-000,208V,N,Y,N,17.2299,208
battery,"Trystar, LLC",OZPCS-RS40-BB1,208V,N,Y,N,17.2299,208
battery,"Trystar, LLC",OZPCS-RS40-FB1,208V,N,Y,N,17.2299,208
battery,"Trystar, LLC",OZPCS-RS40-Fxx,208V,N,N,Y,17.515,208
battery,"Trystar, LLC",OZPCS-RS40-Bxx,208V,N,N,Y,17.516,208
battery,"Trystar, LLC",OZPCS-RS35-FB0,240V,N,Y,N,23.446279999999998,240
battery,"Trystar, LLC",OZPCS-RS35-FB1,240V,N,Y,N,23.446279999999998,240
battery,"Trystar, LLC",OZPCS-RS35-FB0,208V,N,Y,N,34.33166,208
battery,"Trystar, LLC",OZPCS-RS35-FB1,208V,N,Y,N,34.33166,208
battery,"Trystar, LLC",OZPCS-EP40-000,480V,N,Y,N,39.54,480
battery,"Trystar, LLC",OZPCS-RS40-BB1,480V,N,Y,N,39.54,480
battery,"Trystar, LLC",OZPCS-RS40-FB1,480V,N,Y,N,39.54,480
battery,"Trystar, LLC",OZPCS-RS40-Fxx,480V,N,N,Y,39.894,480
battery,"Trystar, LLC",OZPCS-RS40-Bxx,480V,N,N,Y,39.913,480
battery,Univix Power Solutions,UVX5KLNA,240V,Y,Y,Y,5,240
battery,Univix Power Solutions,UVX6KLNA,240V,Y,Y,Y,6,240
battery,Univix Power Solutions,UVX7.6KLNA,240V,Y,Y,Y,7.6,240
battery,Univix Power Solutions,UVX8KLNA,240V,Y,Y,Y,8,240
battery,Univix Power Solutions,UVX10KLNA,240V,Y,Y,Y,10,240
battery,Univix Power Solutions,UVX12KLNA,240V,Y,Y,Y,12,240
battery,Univix Power Solutions,UVX16LNA,240V,Y,Y,Y,16,240
battery,VOLTRONIC POWER TECHNOLOGY (SHENZHEN) CORP.,InfiniSolar WP LV 6KW,240V,Y,Y,Y,6,240
battery,VOLTRONIC POWER TECHNOLOGY (SHENZHEN) CORP.,InfiniSolar WP LV 6KW,120V,Y,Y,Y,6.017662268,120
battery,VOLTRONIC POWER TECHNOLOGY (SHENZHEN) CORP.,InfiniSolar WP 12KW Optimum,120V,Y,Y,Y,9.018600000000001,120
battery,VOLTRONIC POWER TECHNOLOGY (SHENZHEN) CORP.,InfiniSolar WP 12KW Optimum,240V,Y,Y,Y,9.018600000000001,240
battery,VOLTRONIC POWER TECHNOLOGY (SHENZHEN) CORP.,InfiniSolar WP LV 12KW,120V,Y,Y,Y,9.018600000000001,120
battery,VOLTRONIC POWER TECHNOLOGY (SHENZHEN) CORP.,InfiniSolar WP LV 12KW,240V,Y,Y,Y,9.018600000000001,240
battery,VOLTRONIC POWER TECHNOLOGY (SHENZHEN) CORP.,InfiniSolar WP 12KW Premium,120V,Y,Y,Y,10.029,120
battery,VOLTRONIC POWER TECHNOLOGY (SHENZHEN) CORP.,InfiniSolar WP 12KW Premium,240V,Y,Y,Y,10.029,240
battery,VOLTRONIC POWER TECHNOLOGY (SHENZHEN) CORP.,InfiniSolar WP LV 15KW,240V,Y,Y,Y,14.79,240
battery,VOLTRONIC POWER TECHNOLOGY (SHENZHEN) CORP.,InfiniSolar WP LV 15KW,120V,Y,Y,Y,15.036,120
battery,"Wanbang Digital Energy Co., Ltd.",SI104LULA00,208V,Y,Y,N,8.323,208
battery,"Wanbang Digital Energy Co., Ltd.",SI104LULA00,240V,Y,Y,N,9.58,240
battery,WSTECH GmbH,APS800-ES-1-440-5,440V,N,N,Y,814.167,440
battery,WSTECH GmbH,APS870-ES-1-480-5,480V,N,N,Y ,872.029,480
battery,WSTECH GmbH,APS1600-ES-2-440-5,440V,N,N,Y,1626.952,440
battery,WSTECH GmbH,APS1740-ES-2-480-5,480V,N,N,Y ,1735.36,480
battery,"Xiamen Kehua Digital Energy Tech Co., Ltd",iStoragE2A 7600,240V,Y,Y,N,7.5810227907830585,240
battery,"Xiamen Kehua Digital Energy Tech Co., Ltd",iStoragE2A 9600,240V,Y,Y,N,9.573264646770172,240
battery,"Xiamen Kehua Digital Energy Tech Co., Ltd",iStoragE2A 10000,240V,Y,Y,N,9.956302006955687,240
battery,"Xiamen Kehua Digital Energy Tech Co., Ltd",iStoragE2A 11400,240V,Y,Y,N,11.37051,240
battery,"Xiamen Kehua Digital Energy Tech Co., Ltd",iStoragE2A 12000,240V,Y,Y,N,11.96817,240
battery,"Xiamen Kehua Digital Energy Tech Co., Ltd",BCS75K-B-HM-US X2,480V,N,Y,N,75.08439,480
battery,"Xiamen Kehua Digital Energy Tech Co., Ltd",BCS100K-B-HM-US X2,480V,N,Y,N,100.073,480
battery,"Xiamen Kehua Digital Energy Tech Co., Ltd",BCS125K-B-HM-US X2,480V,N,Y,N,125.015,480
battery,"Xiamen Kehua Digital Energy Tech Co., Ltd",BCS150K-B-HM-US X2,600V,N,Y,N,150.015,600
battery,"Xiamen Kehua Digital Energy Tech Co., Ltd",BCS175K-B-HM-US X2,600V,N,Y,N,175.017,600
battery,"Xiamen Kehua Digital Energy Tech Co.,Ltd.",BCS500K-S-HLC,690V,N,Y,N,498.247,690
battery,Yaskawa Solectria Solar,XGI 1500-125/125-3S,600V,Y,Y,N,125,600
battery,Yaskawa Solectria Solar,XGI 1500-166/166-3S,600V,Y,Y,N,166,600
battery,Yaskawa Solectria Solar,XGI 1500-0.50MW-600,600V,Y,Y,N,500,600
battery,Yaskawa Solectria Solar,XGI 1500-0.75MW-600,600V,Y,Y,N,750,600
battery,Yaskawa Solectria Solar,XGI 1500-0.85MW-600,600V,Y,Y,N,850,600
battery,Yaskawa Solectria Solar,XGI 1500-0.99MW-600,600V,Y,Y,N,999,600
battery,Yaskawa Solectria Solar,XGI 1500-1MW-600,600V,Y,Y,N,1000,600
battery,"Zhejiang Hyxi Technology Co., Ltd",HYX-H-HSPA,240V,Y,Y,N,11.147,240
battery,"Zhuhai Ruixu Electronic Technology Co., Ltd",RX-12K,208V,Y,Y,N,9.88067,208
battery,"Zhuhai Ruixu Electronic Technology Co., Ltd",RX-12K,240V,Y,Y,N,11.2981,240
